AKQJT,8
KQJT9,8
QJT98,8
JT987,8
T9876,8
98765,8
87654,8
76543,8
65432,8
A5432,8
AAAAK,7
AAAAQ,7
AAAAJ,7
AAAAT,7
AAAA9,7
AAAA8,7
AAAA7,7
AAAA6,7
AAAA5,7
AAAA4,7
AAAA3,7
AAAA2,7
AKKKK,7
KKKKQ,7
KKKKJ,7
KKKKT,7
KKKK9,7
KKKK8,7
KKKK7,7
KKKK6,7
KKKK5,7
KKKK4,7
KKKK3,7
KKKK2,7
AQQQQ,7
KQQQQ,7
QQQQJ,7
QQQQT,7
QQQQ9,7
QQQQ8,7
QQQQ7,7
QQQQ6,7
QQQQ5,7
QQQQ4,7
QQQQ3,7
QQQQ2,7
AJJJJ,7
KJJJJ,7
QJJJJ,7
JJJJT,7
JJJJ9,7
JJJJ8,7
JJJJ7,7
JJJJ6,7
JJJJ5,7
JJJJ4,7
JJJJ3,7
JJJJ2,7
ATTTT,7
KTTTT,7
QTTTT,7
JTTTT,7
TTTT9,7
TTTT8,7
TTTT7,7
TTTT6,7
TTTT5,7
TTTT4,7
TTTT3,7
TTTT2,7
A9999,7
K9999,7
Q9999,7
J9999,7
T9999,7
99998,7
99997,7
99996,7
99995,7
99994,7
99993,7
99992,7
A8888,7
K8888,7
Q8888,7
J8888,7
T8888,7
98888,7
88887,7
88886,7
88885,7
88884,7
88883,7
88882,7
A7777,7
K7777,7
Q7777,7
J7777,7
T7777,7
97777,7
87777,7
77776,7
77775,7
77774,7
77773,7
77772,7
A6666,7
K6666,7
Q6666,7
J6666,7
T6666,7
96666,7
86666,7
76666,7
66665,7
66664,7
66663,7
66662,7
A5555,7
K5555,7
Q5555,7
J5555,7
T5555,7
95555,7
85555,7
75555,7
65555,7
55554,7
55553,7
55552,7
A4444,7
K4444,7
Q4444,7
J4444,7
T4444,7
94444,7
84444,7
74444,7
64444,7
54444,7
44443,7
44442,7
A3333,7
K3333,7
Q3333,7
J3333,7
T3333,7
93333,7
83333,7
73333,7
63333,7
53333,7
43333,7
33332,7
A2222,7
K2222,7
Q2222,7
J2222,7
T2222,7
92222,7
82222,7
72222,7
62222,7
52222,7
42222,7
32222,7
AAAKK,6
AAAQQ,6
AAAJJ,6
AAATT,6
AAA99,6
AAA88,6
AAA77,6
AAA66,6
AAA55,6
AAA44,6
AAA33,6
AAA22,6
AAKKK,6
KKKQQ,6
KKKJJ,6
KKKTT,6
KKK99,6
KKK88,6
KKK77,6
KKK66,6
KKK55,6
KKK44,6
KKK33,6
KKK22,6
AAQQQ,6
KKQQQ,6
QQQJJ,6
QQQTT,6
QQQ99,6
QQQ88,6
QQQ77,6
QQQ66,6
QQQ55,6
QQQ44,6
QQQ33,6
QQQ22,6
AAJJJ,6
KKJJJ,6
QQJJJ,6
JJJTT,6
JJJ99,6
JJJ88,6
JJJ77,6
JJJ66,6
JJJ55,6
JJJ44,6
JJJ33,6
JJJ22,6
AATTT,6
KKTTT,6
QQTTT,6
JJTTT,6
TTT99,6
TTT88,6
TTT77,6
TTT66,6
TTT55,6
TTT44,6
TTT33,6
TTT22,6
AA999,6
KK999,6
QQ999,6
JJ999,6
TT999,6
99988,6
99977,6
99966,6
99955,6
99944,6
99933,6
99922,6
AA888,6
KK888,6
QQ888,6
JJ888,6
TT888,6
99888,6
88877,6
88866,6
88855,6
88844,6
88833,6
88822,6
AA777,6
KK777,6
QQ777,6
JJ777,6
TT777,6
99777,6
88777,6
77766,6
77755,6
77744,6
77733,6
77722,6
AA666,6
KK666,6
QQ666,6
JJ666,6
TT666,6
99666,6
88666,6
77666,6
66655,6
66644,6
66633,6
66622,6
AA555,6
KK555,6
QQ555,6
JJ555,6
TT555,6
99555,6
88555,6
77555,6
66555,6
55544,6
55533,6
55522,6
AA444,6
KK444,6
QQ444,6
JJ444,6
TT444,6
99444,6
88444,6
77444,6
66444,6
55444,6
44433,6
44422,6
AA333,6
KK333,6
QQ333,6
JJ333,6
TT333,6
99333,6
88333,6
77333,6
66333,6
55333,6
44333,6
33322,6
AA222,6
KK222,6
QQ222,6
JJ222,6
TT222,6
99222,6
88222,6
77222,6
66222,6
55222,6
44222,6
33222,6
AKQJ9,5
AKQJ8,5
AKQJ7,5
AKQJ6,5
AKQJ5,5
AKQJ4,5
AKQJ3,5
AKQJ2,5
AKQT9,5
AKQT8,5
AKQT7,5
AKQT6,5
AKQT5,5
AKQT4,5
AKQT3,5
AKQT2,5
AKQ98,5
AKQ97,5
AKQ96,5
AKQ95,5
AKQ94,5
AKQ93,5
AKQ92,5
AKQ87,5
AKQ86,5
AKQ85,5
AKQ84,5
AKQ83,5
AKQ82,5
AKQ76,5
AKQ75,5
AKQ74,5
AKQ73,5
AKQ72,5
AKQ65,5
AKQ64,5
AKQ63,5
AKQ62,5
AKQ54,5
AKQ53,5
AKQ52,5
AKQ43,5
AKQ42,5
AKQ32,5
AKJT9,5
AKJT8,5
AKJT7,5
AKJT6,5
AKJT5,5
AKJT4,5
AKJT3,5
AKJT2,5
AKJ98,5
AKJ97,5
AKJ96,5
AKJ95,5
AKJ94,5
AKJ93,5
AKJ92,5
AKJ87,5
AKJ86,5
AKJ85,5
AKJ84,5
AKJ83,5
AKJ82,5
AKJ76,5
AKJ75,5
AKJ74,5
AKJ73,5
AKJ72,5
AKJ65,5
AKJ64,5
AKJ63,5
AKJ62,5
AKJ54,5
AKJ53,5
AKJ52,5
AKJ43,5
AKJ42,5
AKJ32,5
AKT98,5
AKT97,5
AKT96,5
AKT95,5
AKT94,5
AKT93,5
AKT92,5
AKT87,5
AKT86,5
AKT85,5
AKT84,5
AKT83,5
AKT82,5
AKT76,5
AKT75,5
AKT74,5
AKT73,5
AKT72,5
AKT65,5
AKT64,5
AKT63,5
AKT62,5
AKT54,5
AKT53,5
AKT52,5
AKT43,5
AKT42,5
AKT32,5
AK987,5
AK986,5
AK985,5
AK984,5
AK983,5
AK982,5
AK976,5
AK975,5
AK974,5
AK973,5
AK972,5
AK965,5
AK964,5
AK963,5
AK962,5
AK954,5
AK953,5
AK952,5
AK943,5
AK942,5
AK932,5
AK876,5
AK875,5
AK874,5
AK873,5
AK872,5
AK865,5
AK864,5
AK863,5
AK862,5
AK854,5
AK853,5
AK852,5
AK843,5
AK842,5
AK832,5
AK765,5
AK764,5
AK763,5
AK762,5
AK754,5
AK753,5
AK752,5
AK743,5
AK742,5
AK732,5
AK654,5
AK653,5
AK652,5
AK643,5
AK642,5
AK632,5
AK543,5
AK542,5
AK532,5
AK432,5
AQJT9,5
AQJT8,5
AQJT7,5
AQJT6,5
AQJT5,5
AQJT4,5
AQJT3,5
AQJT2,5
AQJ98,5
AQJ97,5
AQJ96,5
AQJ95,5
AQJ94,5
AQJ93,5
AQJ92,5
AQJ87,5
AQJ86,5
AQJ85,5
AQJ84,5
AQJ83,5
AQJ82,5
AQJ76,5
AQJ75,5
AQJ74,5
AQJ73,5
AQJ72,5
AQJ65,5
AQJ64,5
AQJ63,5
AQJ62,5
AQJ54,5
AQJ53,5
AQJ52,5
AQJ43,5
AQJ42,5
AQJ32,5
AQT98,5
AQT97,5
AQT96,5
AQT95,5
AQT94,5
AQT93,5
AQT92,5
AQT87,5
AQT86,5
AQT85,5
AQT84,5
AQT83,5
AQT82,5
AQT76,5
AQT75,5
AQT74,5
AQT73,5
AQT72,5
AQT65,5
AQT64,5
AQT63,5
AQT62,5
AQT54,5
AQT53,5
AQT52,5
AQT43,5
AQT42,5
AQT32,5
AQ987,5
AQ986,5
AQ985,5
AQ984,5
AQ983,5
AQ982,5
AQ976,5
AQ975,5
AQ974,5
AQ973,5
AQ972,5
AQ965,5
AQ964,5
AQ963,5
AQ962,5
AQ954,5
AQ953,5
AQ952,5
AQ943,5
AQ942,5
AQ932,5
AQ876,5
AQ875,5
AQ874,5
AQ873,5
AQ872,5
AQ865,5
AQ864,5
AQ863,5
AQ862,5
AQ854,5
AQ853,5
AQ852,5
AQ843,5
AQ842,5
AQ832,5
AQ765,5
AQ764,5
AQ763,5
AQ762,5
AQ754,5
AQ753,5
AQ752,5
AQ743,5
AQ742,5
AQ732,5
AQ654,5
AQ653,5
AQ652,5
AQ643,5
AQ642,5
AQ632,5
AQ543,5
AQ542,5
AQ532,5
AQ432,5
AJT98,5
AJT97,5
AJT96,5
AJT95,5
AJT94,5
AJT93,5
AJT92,5
AJT87,5
AJT86,5
AJT85,5
AJT84,5
AJT83,5
AJT82,5
AJT76,5
AJT75,5
AJT74,5
AJT73,5
AJT72,5
AJT65,5
AJT64,5
AJT63,5
AJT62,5
AJT54,5
AJT53,5
AJT52,5
AJT43,5
AJT42,5
AJT32,5
AJ987,5
AJ986,5
AJ985,5
AJ984,5
AJ983,5
AJ982,5
AJ976,5
AJ975,5
AJ974,5
AJ973,5
AJ972,5
AJ965,5
AJ964,5
AJ963,5
AJ962,5
AJ954,5
AJ953,5
AJ952,5
AJ943,5
AJ942,5
AJ932,5
AJ876,5
AJ875,5
AJ874,5
AJ873,5
AJ872,5
AJ865,5
AJ864,5
AJ863,5
AJ862,5
AJ854,5
AJ853,5
AJ852,5
AJ843,5
AJ842,5
AJ832,5
AJ765,5
AJ764,5
AJ763,5
AJ762,5
AJ754,5
AJ753,5
AJ752,5
AJ743,5
AJ742,5
AJ732,5
AJ654,5
AJ653,5
AJ652,5
AJ643,5
AJ642,5
AJ632,5
AJ543,5
AJ542,5
AJ532,5
AJ432,5
AT987,5
AT986,5
AT985,5
AT984,5
AT983,5
AT982,5
AT976,5
AT975,5
AT974,5
AT973,5
AT972,5
AT965,5
AT964,5
AT963,5
AT962,5
AT954,5
AT953,5
AT952,5
AT943,5
AT942,5
AT932,5
AT876,5
AT875,5
AT874,5
AT873,5
AT872,5
AT865,5
AT864,5
AT863,5
AT862,5
AT854,5
AT853,5
AT852,5
AT843,5
AT842,5
AT832,5
AT765,5
AT764,5
AT763,5
AT762,5
AT754,5
AT753,5
AT752,5
AT743,5
AT742,5
AT732,5
AT654,5
AT653,5
AT652,5
AT643,5
AT642,5
AT632,5
AT543,5
AT542,5
AT532,5
AT432,5
A9876,5
A9875,5
A9874,5
A9873,5
A9872,5
A9865,5
A9864,5
A9863,5
A9862,5
A9854,5
A9853,5
A9852,5
A9843,5
A9842,5
A9832,5
A9765,5
A9764,5
A9763,5
A9762,5
A9754,5
A9753,5
A9752,5
A9743,5
A9742,5
A9732,5
A9654,5
A9653,5
A9652,5
A9643,5
A9642,5
A9632,5
A9543,5
A9542,5
A9532,5
A9432,5
A8765,5
A8764,5
A8763,5
A8762,5
A8754,5
A8753,5
A8752,5
A8743,5
A8742,5
A8732,5
A8654,5
A8653,5
A8652,5
A8643,5
A8642,5
A8632,5
A8543,5
A8542,5
A8532,5
A8432,5
A7654,5
A7653,5
A7652,5
A7643,5
A7642,5
A7632,5
A7543,5
A7542,5
A7532,5
A7432,5
A6543,5
A6542,5
A6532,5
A6432,5
KQJT8,5
KQJT7,5
KQJT6,5
KQJT5,5
KQJT4,5
KQJT3,5
KQJT2,5
KQJ98,5
KQJ97,5
KQJ96,5
KQJ95,5
KQJ94,5
KQJ93,5
KQJ92,5
KQJ87,5
KQJ86,5
KQJ85,5
KQJ84,5
KQJ83,5
KQJ82,5
KQJ76,5
KQJ75,5
KQJ74,5
KQJ73,5
KQJ72,5
KQJ65,5
KQJ64,5
KQJ63,5
KQJ62,5
KQJ54,5
KQJ53,5
KQJ52,5
KQJ43,5
KQJ42,5
KQJ32,5
KQT98,5
KQT97,5
KQT96,5
KQT95,5
KQT94,5
KQT93,5
KQT92,5
KQT87,5
KQT86,5
KQT85,5
KQT84,5
KQT83,5
KQT82,5
KQT76,5
KQT75,5
KQT74,5
KQT73,5
KQT72,5
KQT65,5
KQT64,5
KQT63,5
KQT62,5
KQT54,5
KQT53,5
KQT52,5
KQT43,5
KQT42,5
KQT32,5
KQ987,5
KQ986,5
KQ985,5
KQ984,5
KQ983,5
KQ982,5
KQ976,5
KQ975,5
KQ974,5
KQ973,5
KQ972,5
KQ965,5
KQ964,5
KQ963,5
KQ962,5
KQ954,5
KQ953,5
KQ952,5
KQ943,5
KQ942,5
KQ932,5
KQ876,5
KQ875,5
KQ874,5
KQ873,5
KQ872,5
KQ865,5
KQ864,5
KQ863,5
KQ862,5
KQ854,5
KQ853,5
KQ852,5
KQ843,5
KQ842,5
KQ832,5
KQ765,5
KQ764,5
KQ763,5
KQ762,5
KQ754,5
KQ753,5
KQ752,5
KQ743,5
KQ742,5
KQ732,5
KQ654,5
KQ653,5
KQ652,5
KQ643,5
KQ642,5
KQ632,5
KQ543,5
KQ542,5
KQ532,5
KQ432,5
KJT98,5
KJT97,5
KJT96,5
KJT95,5
KJT94,5
KJT93,5
KJT92,5
KJT87,5
KJT86,5
KJT85,5
KJT84,5
KJT83,5
KJT82,5
KJT76,5
KJT75,5
KJT74,5
KJT73,5
KJT72,5
KJT65,5
KJT64,5
KJT63,5
KJT62,5
KJT54,5
KJT53,5
KJT52,5
KJT43,5
KJT42,5
KJT32,5
KJ987,5
KJ986,5
KJ985,5
KJ984,5
KJ983,5
KJ982,5
KJ976,5
KJ975,5
KJ974,5
KJ973,5
KJ972,5
KJ965,5
KJ964,5
KJ963,5
KJ962,5
KJ954,5
KJ953,5
KJ952,5
KJ943,5
KJ942,5
KJ932,5
KJ876,5
KJ875,5
KJ874,5
KJ873,5
KJ872,5
KJ865,5
KJ864,5
KJ863,5
KJ862,5
KJ854,5
KJ853,5
KJ852,5
KJ843,5
KJ842,5
KJ832,5
KJ765,5
KJ764,5
KJ763,5
KJ762,5
KJ754,5
KJ753,5
KJ752,5
KJ743,5
KJ742,5
KJ732,5
KJ654,5
KJ653,5
KJ652,5
KJ643,5
KJ642,5
KJ632,5
KJ543,5
KJ542,5
KJ532,5
KJ432,5
KT987,5
KT986,5
KT985,5
KT984,5
KT983,5
KT982,5
KT976,5
KT975,5
KT974,5
KT973,5
KT972,5
KT965,5
KT964,5
KT963,5
KT962,5
KT954,5
KT953,5
KT952,5
KT943,5
KT942,5
KT932,5
KT876,5
KT875,5
KT874,5
KT873,5
KT872,5
KT865,5
KT864,5
KT863,5
KT862,5
KT854,5
KT853,5
KT852,5
KT843,5
KT842,5
KT832,5
KT765,5
KT764,5
KT763,5
KT762,5
KT754,5
KT753,5
KT752,5
KT743,5
KT742,5
KT732,5
KT654,5
KT653,5
KT652,5
KT643,5
KT642,5
KT632,5
KT543,5
KT542,5
KT532,5
KT432,5
K9876,5
K9875,5
K9874,5
K9873,5
K9872,5
K9865,5
K9864,5
K9863,5
K9862,5
K9854,5
K9853,5
K9852,5
K9843,5
K9842,5
K9832,5
K9765,5
K9764,5
K9763,5
K9762,5
K9754,5
K9753,5
K9752,5
K9743,5
K9742,5
K9732,5
K9654,5
K9653,5
K9652,5
K9643,5
K9642,5
K9632,5
K9543,5
K9542,5
K9532,5
K9432,5
K8765,5
K8764,5
K8763,5
K8762,5
K8754,5
K8753,5
K8752,5
K8743,5
K8742,5
K8732,5
K8654,5
K8653,5
K8652,5
K8643,5
K8642,5
K8632,5
K8543,5
K8542,5
K8532,5
K8432,5
K7654,5
K7653,5
K7652,5
K7643,5
K7642,5
K7632,5
K7543,5
K7542,5
K7532,5
K7432,5
K6543,5
K6542,5
K6532,5
K6432,5
K5432,5
QJT97,5
QJT96,5
QJT95,5
QJT94,5
QJT93,5
QJT92,5
QJT87,5
QJT86,5
QJT85,5
QJT84,5
QJT83,5
QJT82,5
QJT76,5
QJT75,5
QJT74,5
QJT73,5
QJT72,5
QJT65,5
QJT64,5
QJT63,5
QJT62,5
QJT54,5
QJT53,5
QJT52,5
QJT43,5
QJT42,5
QJT32,5
QJ987,5
QJ986,5
QJ985,5
QJ984,5
QJ983,5
QJ982,5
QJ976,5
QJ975,5
QJ974,5
QJ973,5
QJ972,5
QJ965,5
QJ964,5
QJ963,5
QJ962,5
QJ954,5
QJ953,5
QJ952,5
QJ943,5
QJ942,5
QJ932,5
QJ876,5
QJ875,5
QJ874,5
QJ873,5
QJ872,5
QJ865,5
QJ864,5
QJ863,5
QJ862,5
QJ854,5
QJ853,5
QJ852,5
QJ843,5
QJ842,5
QJ832,5
QJ765,5
QJ764,5
QJ763,5
QJ762,5
QJ754,5
QJ753,5
QJ752,5
QJ743,5
QJ742,5
QJ732,5
QJ654,5
QJ653,5
QJ652,5
QJ643,5
QJ642,5
QJ632,5
QJ543,5
QJ542,5
QJ532,5
QJ432,5
QT987,5
QT986,5
QT985,5
QT984,5
QT983,5
QT982,5
QT976,5
QT975,5
QT974,5
QT973,5
QT972,5
QT965,5
QT964,5
QT963,5
QT962,5
QT954,5
QT953,5
QT952,5
QT943,5
QT942,5
QT932,5
QT876,5
QT875,5
QT874,5
QT873,5
QT872,5
QT865,5
QT864,5
QT863,5
QT862,5
QT854,5
QT853,5
QT852,5
QT843,5
QT842,5
QT832,5
QT765,5
QT764,5
QT763,5
QT762,5
QT754,5
QT753,5
QT752,5
QT743,5
QT742,5
QT732,5
QT654,5
QT653,5
QT652,5
QT643,5
QT642,5
QT632,5
QT543,5
QT542,5
QT532,5
QT432,5
Q9876,5
Q9875,5
Q9874,5
Q9873,5
Q9872,5
Q9865,5
Q9864,5
Q9863,5
Q9862,5
Q9854,5
Q9853,5
Q9852,5
Q9843,5
Q9842,5
Q9832,5
Q9765,5
Q9764,5
Q9763,5
Q9762,5
Q9754,5
Q9753,5
Q9752,5
Q9743,5
Q9742,5
Q9732,5
Q9654,5
Q9653,5
Q9652,5
Q9643,5
Q9642,5
Q9632,5
Q9543,5
Q9542,5
Q9532,5
Q9432,5
Q8765,5
Q8764,5
Q8763,5
Q8762,5
Q8754,5
Q8753,5
Q8752,5
Q8743,5
Q8742,5
Q8732,5
Q8654,5
Q8653,5
Q8652,5
Q8643,5
Q8642,5
Q8632,5
Q8543,5
Q8542,5
Q8532,5
Q8432,5
Q7654,5
Q7653,5
Q7652,5
Q7643,5
Q7642,5
Q7632,5
Q7543,5
Q7542,5
Q7532,5
Q7432,5
Q6543,5
Q6542,5
Q6532,5
Q6432,5
Q5432,5
JT986,5
JT985,5
JT984,5
JT983,5
JT982,5
JT976,5
JT975,5
JT974,5
JT973,5
JT972,5
JT965,5
JT964,5
JT963,5
JT962,5
JT954,5
JT953,5
JT952,5
JT943,5
JT942,5
JT932,5
JT876,5
JT875,5
JT874,5
JT873,5
JT872,5
JT865,5
JT864,5
JT863,5
JT862,5
JT854,5
JT853,5
JT852,5
JT843,5
JT842,5
JT832,5
JT765,5
JT764,5
JT763,5
JT762,5
JT754,5
JT753,5
JT752,5
JT743,5
JT742,5
JT732,5
JT654,5
JT653,5
JT652,5
JT643,5
JT642,5
JT632,5
JT543,5
JT542,5
JT532,5
JT432,5
J9876,5
J9875,5
J9874,5
J9873,5
J9872,5
J9865,5
J9864,5
J9863,5
J9862,5
J9854,5
J9853,5
J9852,5
J9843,5
J9842,5
J9832,5
J9765,5
J9764,5
J9763,5
J9762,5
J9754,5
J9753,5
J9752,5
J9743,5
J9742,5
J9732,5
J9654,5
J9653,5
J9652,5
J9643,5
J9642,5
J9632,5
J9543,5
J9542,5
J9532,5
J9432,5
J8765,5
J8764,5
J8763,5
J8762,5
J8754,5
J8753,5
J8752,5
J8743,5
J8742,5
J8732,5
J8654,5
J8653,5
J8652,5
J8643,5
J8642,5
J8632,5
J8543,5
J8542,5
J8532,5
J8432,5
J7654,5
J7653,5
J7652,5
J7643,5
J7642,5
J7632,5
J7543,5
J7542,5
J7532,5
J7432,5
J6543,5
J6542,5
J6532,5
J6432,5
J5432,5
T9875,5
T9874,5
T9873,5
T9872,5
T9865,5
T9864,5
T9863,5
T9862,5
T9854,5
T9853,5
T9852,5
T9843,5
T9842,5
T9832,5
T9765,5
T9764,5
T9763,5
T9762,5
T9754,5
T9753,5
T9752,5
T9743,5
T9742,5
T9732,5
T9654,5
T9653,5
T9652,5
T9643,5
T9642,5
T9632,5
T9543,5
T9542,5
T9532,5
T9432,5
T8765,5
T8764,5
T8763,5
T8762,5
T8754,5
T8753,5
T8752,5
T8743,5
T8742,5
T8732,5
T8654,5
T8653,5
T8652,5
T8643,5
T8642,5
T8632,5
T8543,5
T8542,5
T8532,5
T8432,5
T7654,5
T7653,5
T7652,5
T7643,5
T7642,5
T7632,5
T7543,5
T7542,5
T7532,5
T7432,5
T6543,5
T6542,5
T6532,5
T6432,5
T5432,5
98764,5
98763,5
98762,5
98754,5
98753,5
98752,5
98743,5
98742,5
98732,5
98654,5
98653,5
98652,5
98643,5
98642,5
98632,5
98543,5
98542,5
98532,5
98432,5
97654,5
97653,5
97652,5
97643,5
97642,5
97632,5
97543,5
97542,5
97532,5
97432,5
96543,5
96542,5
96532,5
96432,5
95432,5
87653,5
87652,5
87643,5
87642,5
87632,5
87543,5
87542,5
87532,5
87432,5
86543,5
86542,5
86532,5
86432,5
85432,5
76542,5
76532,5
76432,5
75432,5
AKQJT,4
KQJT9,4
QJT98,4
JT987,4
T9876,4
98765,4
87654,4
76543,4
65432,4
A5432,4
AAAKQ,3
AAAKJ,3
AAAKT,3
AAAK9,3
AAAK8,3
AAAK7,3
AAAK6,3
AAAK5,3
AAAK4,3
AAAK3,3
AAAK2,3
AAAQJ,3
AAAQT,3
AAAQ9,3
AAAQ8,3
AAAQ7,3
AAAQ6,3
AAAQ5,3
AAAQ4,3
AAAQ3,3
AAAQ2,3
AAAJT,3
AAAJ9,3
AAAJ8,3
AAAJ7,3
AAAJ6,3
AAAJ5,3
AAAJ4,3
AAAJ3,3
AAAJ2,3
AAAT9,3
AAAT8,3
AAAT7,3
AAAT6,3
AAAT5,3
AAAT4,3
AAAT3,3
AAAT2,3
AAA98,3
AAA97,3
AAA96,3
AAA95,3
AAA94,3
AAA93,3
AAA92,3
AAA87,3
AAA86,3
AAA85,3
AAA84,3
AAA83,3
AAA82,3
AAA76,3
AAA75,3
AAA74,3
AAA73,3
AAA72,3
AAA65,3
AAA64,3
AAA63,3
AAA62,3
AAA54,3
AAA53,3
AAA52,3
AAA43,3
AAA42,3
AAA32,3
AKKKQ,3
AKKKJ,3
AKKKT,3
AKKK9,3
AKKK8,3
AKKK7,3
AKKK6,3
AKKK5,3
AKKK4,3
AKKK3,3
AKKK2,3
KKKQJ,3
KKKQT,3
KKKQ9,3
KKKQ8,3
KKKQ7,3
KKKQ6,3
KKKQ5,3
KKKQ4,3
KKKQ3,3
KKKQ2,3
KKKJT,3
KKKJ9,3
KKKJ8,3
KKKJ7,3
KKKJ6,3
KKKJ5,3
KKKJ4,3
KKKJ3,3
KKKJ2,3
KKKT9,3
KKKT8,3
KKKT7,3
KKKT6,3
KKKT5,3
KKKT4,3
KKKT3,3
KKKT2,3
KKK98,3
KKK97,3
KKK96,3
KKK95,3
KKK94,3
KKK93,3
KKK92,3
KKK87,3
KKK86,3
KKK85,3
KKK84,3
KKK83,3
KKK82,3
KKK76,3
KKK75,3
KKK74,3
KKK73,3
KKK72,3
KKK65,3
KKK64,3
KKK63,3
KKK62,3
KKK54,3
KKK53,3
KKK52,3
KKK43,3
KKK42,3
KKK32,3
AKQQQ,3
AQQQJ,3
AQQQT,3
AQQQ9,3
AQQQ8,3
AQQQ7,3
AQQQ6,3
AQQQ5,3
AQQQ4,3
AQQQ3,3
AQQQ2,3
KQQQJ,3
KQQQT,3
KQQQ9,3
KQQQ8,3
KQQQ7,3
KQQQ6,3
KQQQ5,3
KQQQ4,3
KQQQ3,3
KQQQ2,3
QQQJT,3
QQQJ9,3
QQQJ8,3
QQQJ7,3
QQQJ6,3
QQQJ5,3
QQQJ4,3
QQQJ3,3
QQQJ2,3
QQQT9,3
QQQT8,3
QQQT7,3
QQQT6,3
QQQT5,3
QQQT4,3
QQQT3,3
QQQT2,3
QQQ98,3
QQQ97,3
QQQ96,3
QQQ95,3
QQQ94,3
QQQ93,3
QQQ92,3
QQQ87,3
QQQ86,3
QQQ85,3
QQQ84,3
QQQ83,3
QQQ82,3
QQQ76,3
QQQ75,3
QQQ74,3
QQQ73,3
QQQ72,3
QQQ65,3
QQQ64,3
QQQ63,3
QQQ62,3
QQQ54,3
QQQ53,3
QQQ52,3
QQQ43,3
QQQ42,3
QQQ32,3
AKJJJ,3
AQJJJ,3
AJJJT,3
AJJJ9,3
AJJJ8,3
AJJJ7,3
AJJJ6,3
AJJJ5,3
AJJJ4,3
AJJJ3,3
AJJJ2,3
KQJJJ,3
KJJJT,3
KJJJ9,3
KJJJ8,3
KJJJ7,3
KJJJ6,3
KJJJ5,3
KJJJ4,3
KJJJ3,3
KJJJ2,3
QJJJT,3
QJJJ9,3
QJJJ8,3
QJJJ7,3
QJJJ6,3
QJJJ5,3
QJJJ4,3
QJJJ3,3
QJJJ2,3
JJJT9,3
JJJT8,3
JJJT7,3
JJJT6,3
JJJT5,3
JJJT4,3
JJJT3,3
JJJT2,3
JJJ98,3
JJJ97,3
JJJ96,3
JJJ95,3
JJJ94,3
JJJ93,3
JJJ92,3
JJJ87,3
JJJ86,3
JJJ85,3
JJJ84,3
JJJ83,3
JJJ82,3
JJJ76,3
JJJ75,3
JJJ74,3
JJJ73,3
JJJ72,3
JJJ65,3
JJJ64,3
JJJ63,3
JJJ62,3
JJJ54,3
JJJ53,3
JJJ52,3
JJJ43,3
JJJ42,3
JJJ32,3
AKTTT,3
AQTTT,3
AJTTT,3
ATTT9,3
ATTT8,3
ATTT7,3
ATTT6,3
ATTT5,3
ATTT4,3
ATTT3,3
ATTT2,3
KQTTT,3
KJTTT,3
KTTT9,3
KTTT8,3
KTTT7,3
KTTT6,3
KTTT5,3
KTTT4,3
KTTT3,3
KTTT2,3
QJTTT,3
QTTT9,3
QTTT8,3
QTTT7,3
QTTT6,3
QTTT5,3
QTTT4,3
QTTT3,3
QTTT2,3
JTTT9,3
JTTT8,3
JTTT7,3
JTTT6,3
JTTT5,3
JTTT4,3
JTTT3,3
JTTT2,3
TTT98,3
TTT97,3
TTT96,3
TTT95,3
TTT94,3
TTT93,3
TTT92,3
TTT87,3
TTT86,3
TTT85,3
TTT84,3
TTT83,3
TTT82,3
TTT76,3
TTT75,3
TTT74,3
TTT73,3
TTT72,3
TTT65,3
TTT64,3
TTT63,3
TTT62,3
TTT54,3
TTT53,3
TTT52,3
TTT43,3
TTT42,3
TTT32,3
AK999,3
AQ999,3
AJ999,3
AT999,3
A9998,3
A9997,3
A9996,3
A9995,3
A9994,3
A9993,3
A9992,3
KQ999,3
KJ999,3
KT999,3
K9998,3
K9997,3
K9996,3
K9995,3
K9994,3
K9993,3
K9992,3
QJ999,3
QT999,3
Q9998,3
Q9997,3
Q9996,3
Q9995,3
Q9994,3
Q9993,3
Q9992,3
JT999,3
J9998,3
J9997,3
J9996,3
J9995,3
J9994,3
J9993,3
J9992,3
T9998,3
T9997,3
T9996,3
T9995,3
T9994,3
T9993,3
T9992,3
99987,3
99986,3
99985,3
99984,3
99983,3
99982,3
99976,3
99975,3
99974,3
99973,3
99972,3
99965,3
99964,3
99963,3
99962,3
99954,3
99953,3
99952,3
99943,3
99942,3
99932,3
AK888,3
AQ888,3
AJ888,3
AT888,3
A9888,3
A8887,3
A8886,3
A8885,3
A8884,3
A8883,3
A8882,3
KQ888,3
KJ888,3
KT888,3
K9888,3
K8887,3
K8886,3
K8885,3
K8884,3
K8883,3
K8882,3
QJ888,3
QT888,3
Q9888,3
Q8887,3
Q8886,3
Q8885,3
Q8884,3
Q8883,3
Q8882,3
JT888,3
J9888,3
J8887,3
J8886,3
J8885,3
J8884,3
J8883,3
J8882,3
T9888,3
T8887,3
T8886,3
T8885,3
T8884,3
T8883,3
T8882,3
98887,3
98886,3
98885,3
98884,3
98883,3
98882,3
88876,3
88875,3
88874,3
88873,3
88872,3
88865,3
88864,3
88863,3
88862,3
88854,3
88853,3
88852,3
88843,3
88842,3
88832,3
AK777,3
AQ777,3
AJ777,3
AT777,3
A9777,3
A8777,3
A7776,3
A7775,3
A7774,3
A7773,3
A7772,3
KQ777,3
KJ777,3
KT777,3
K9777,3
K8777,3
K7776,3
K7775,3
K7774,3
K7773,3
K7772,3
QJ777,3
QT777,3
Q9777,3
Q8777,3
Q7776,3
Q7775,3
Q7774,3
Q7773,3
Q7772,3
JT777,3
J9777,3
J8777,3
J7776,3
J7775,3
J7774,3
J7773,3
J7772,3
T9777,3
T8777,3
T7776,3
T7775,3
T7774,3
T7773,3
T7772,3
98777,3
97776,3
97775,3
97774,3
97773,3
97772,3
87776,3
87775,3
87774,3
87773,3
87772,3
77765,3
77764,3
77763,3
77762,3
77754,3
77753,3
77752,3
77743,3
77742,3
77732,3
AK666,3
AQ666,3
AJ666,3
AT666,3
A9666,3
A8666,3
A7666,3
A6665,3
A6664,3
A6663,3
A6662,3
KQ666,3
KJ666,3
KT666,3
K9666,3
K8666,3
K7666,3
K6665,3
K6664,3
K6663,3
K6662,3
QJ666,3
QT666,3
Q9666,3
Q8666,3
Q7666,3
Q6665,3
Q6664,3
Q6663,3
Q6662,3
JT666,3
J9666,3
J8666,3
J7666,3
J6665,3
J6664,3
J6663,3
J6662,3
T9666,3
T8666,3
T7666,3
T6665,3
T6664,3
T6663,3
T6662,3
98666,3
97666,3
96665,3
96664,3
96663,3
96662,3
87666,3
86665,3
86664,3
86663,3
86662,3
76665,3
76664,3
76663,3
76662,3
66654,3
66653,3
66652,3
66643,3
66642,3
66632,3
AK555,3
AQ555,3
AJ555,3
AT555,3
A9555,3
A8555,3
A7555,3
A6555,3
A5554,3
A5553,3
A5552,3
KQ555,3
KJ555,3
KT555,3
K9555,3
K8555,3
K7555,3
K6555,3
K5554,3
K5553,3
K5552,3
QJ555,3
QT555,3
Q9555,3
Q8555,3
Q7555,3
Q6555,3
Q5554,3
Q5553,3
Q5552,3
JT555,3
J9555,3
J8555,3
J7555,3
J6555,3
J5554,3
J5553,3
J5552,3
T9555,3
T8555,3
T7555,3
T6555,3
T5554,3
T5553,3
T5552,3
98555,3
97555,3
96555,3
95554,3
95553,3
95552,3
87555,3
86555,3
85554,3
85553,3
85552,3
76555,3
75554,3
75553,3
75552,3
65554,3
65553,3
65552,3
55543,3
55542,3
55532,3
AK444,3
AQ444,3
AJ444,3
AT444,3
A9444,3
A8444,3
A7444,3
A6444,3
A5444,3
A4443,3
A4442,3
KQ444,3
KJ444,3
KT444,3
K9444,3
K8444,3
K7444,3
K6444,3
K5444,3
K4443,3
K4442,3
QJ444,3
QT444,3
Q9444,3
Q8444,3
Q7444,3
Q6444,3
Q5444,3
Q4443,3
Q4442,3
JT444,3
J9444,3
J8444,3
J7444,3
J6444,3
J5444,3
J4443,3
J4442,3
T9444,3
T8444,3
T7444,3
T6444,3
T5444,3
T4443,3
T4442,3
98444,3
97444,3
96444,3
95444,3
94443,3
94442,3
87444,3
86444,3
85444,3
84443,3
84442,3
76444,3
75444,3
74443,3
74442,3
65444,3
64443,3
64442,3
54443,3
54442,3
44432,3
AK333,3
AQ333,3
AJ333,3
AT333,3
A9333,3
A8333,3
A7333,3
A6333,3
A5333,3
A4333,3
A3332,3
KQ333,3
KJ333,3
KT333,3
K9333,3
K8333,3
K7333,3
K6333,3
K5333,3
K4333,3
K3332,3
QJ333,3
QT333,3
Q9333,3
Q8333,3
Q7333,3
Q6333,3
Q5333,3
Q4333,3
Q3332,3
JT333,3
J9333,3
J8333,3
J7333,3
J6333,3
J5333,3
J4333,3
J3332,3
T9333,3
T8333,3
T7333,3
T6333,3
T5333,3
T4333,3
T3332,3
98333,3
97333,3
96333,3
95333,3
94333,3
93332,3
87333,3
86333,3
85333,3
84333,3
83332,3
76333,3
75333,3
74333,3
73332,3
65333,3
64333,3
63332,3
54333,3
53332,3
43332,3
AK222,3
AQ222,3
AJ222,3
AT222,3
A9222,3
A8222,3
A7222,3
A6222,3
A5222,3
A4222,3
A3222,3
KQ222,3
KJ222,3
KT222,3
K9222,3
K8222,3
K7222,3
K6222,3
K5222,3
K4222,3
K3222,3
QJ222,3
QT222,3
Q9222,3
Q8222,3
Q7222,3
Q6222,3
Q5222,3
Q4222,3
Q3222,3
JT222,3
J9222,3
J8222,3
J7222,3
J6222,3
J5222,3
J4222,3
J3222,3
T9222,3
T8222,3
T7222,3
T6222,3
T5222,3
T4222,3
T3222,3
98222,3
97222,3
96222,3
95222,3
94222,3
93222,3
87222,3
86222,3
85222,3
84222,3
83222,3
76222,3
75222,3
74222,3
73222,3
65222,3
64222,3
63222,3
54222,3
53222,3
43222,3
AAKKQ,2
AAKKJ,2
AAKKT,2
AAKK9,2
AAKK8,2
AAKK7,2
AAKK6,2
AAKK5,2
AAKK4,2
AAKK3,2
AAKK2,2
AAKQQ,2
AAQQJ,2
AAQQT,2
AAQQ9,2
AAQQ8,2
AAQQ7,2
AAQQ6,2
AAQQ5,2
AAQQ4,2
AAQQ3,2
AAQQ2,2
AAKJJ,2
AAQJJ,2
AAJJT,2
AAJJ9,2
AAJJ8,2
AAJJ7,2
AAJJ6,2
AAJJ5,2
AAJJ4,2
AAJJ3,2
AAJJ2,2
AAKTT,2
AAQTT,2
AAJTT,2
AATT9,2
AATT8,2
AATT7,2
AATT6,2
AATT5,2
AATT4,2
AATT3,2
AATT2,2
AAK99,2
AAQ99,2
AAJ99,2
AAT99,2
AA998,2
AA997,2
AA996,2
AA995,2
AA994,2
AA993,2
AA992,2
AAK88,2
AAQ88,2
AAJ88,2
AAT88,2
AA988,2
AA887,2
AA886,2
AA885,2
AA884,2
AA883,2
AA882,2
AAK77,2
AAQ77,2
AAJ77,2
AAT77,2
AA977,2
AA877,2
AA776,2
AA775,2
AA774,2
AA773,2
AA772,2
AAK66,2
AAQ66,2
AAJ66,2
AAT66,2
AA966,2
AA866,2
AA766,2
AA665,2
AA664,2
AA663,2
AA662,2
AAK55,2
AAQ55,2
AAJ55,2
AAT55,2
AA955,2
AA855,2
AA755,2
AA655,2
AA554,2
AA553,2
AA552,2
AAK44,2
AAQ44,2
AAJ44,2
AAT44,2
AA944,2
AA844,2
AA744,2
AA644,2
AA544,2
AA443,2
AA442,2
AAK33,2
AAQ33,2
AAJ33,2
AAT33,2
AA933,2
AA833,2
AA733,2
AA633,2
AA533,2
AA433,2
AA332,2
AAK22,2
AAQ22,2
AAJ22,2
AAT22,2
AA922,2
AA822,2
AA722,2
AA622,2
AA522,2
AA422,2
AA322,2
AKKQQ,2
KKQQJ,2
KKQQT,2
KKQQ9,2
KKQQ8,2
KKQQ7,2
KKQQ6,2
KKQQ5,2
KKQQ4,2
KKQQ3,2
KKQQ2,2
AKKJJ,2
KKQJJ,2
KKJJT,2
KKJJ9,2
KKJJ8,2
KKJJ7,2
KKJJ6,2
KKJJ5,2
KKJJ4,2
KKJJ3,2
KKJJ2,2
AKKTT,2
KKQTT,2
KKJTT,2
KKTT9,2
KKTT8,2
KKTT7,2
KKTT6,2
KKTT5,2
KKTT4,2
KKTT3,2
KKTT2,2
AKK99,2
KKQ99,2
KKJ99,2
KKT99,2
KK998,2
KK997,2
KK996,2
KK995,2
KK994,2
KK993,2
KK992,2
AKK88,2
KKQ88,2
KKJ88,2
KKT88,2
KK988,2
KK887,2
KK886,2
KK885,2
KK884,2
KK883,2
KK882,2
AKK77,2
KKQ77,2
KKJ77,2
KKT77,2
KK977,2
KK877,2
KK776,2
KK775,2
KK774,2
KK773,2
KK772,2
AKK66,2
KKQ66,2
KKJ66,2
KKT66,2
KK966,2
KK866,2
KK766,2
KK665,2
KK664,2
KK663,2
KK662,2
AKK55,2
KKQ55,2
KKJ55,2
KKT55,2
KK955,2
KK855,2
KK755,2
KK655,2
KK554,2
KK553,2
KK552,2
AKK44,2
KKQ44,2
KKJ44,2
KKT44,2
KK944,2
KK844,2
KK744,2
KK644,2
KK544,2
KK443,2
KK442,2
AKK33,2
KKQ33,2
KKJ33,2
KKT33,2
KK933,2
KK833,2
KK733,2
KK633,2
KK533,2
KK433,2
KK332,2
AKK22,2
KKQ22,2
KKJ22,2
KKT22,2
KK922,2
KK822,2
KK722,2
KK622,2
KK522,2
KK422,2
KK322,2
AQQJJ,2
KQQJJ,2
QQJJT,2
QQJJ9,2
QQJJ8,2
QQJJ7,2
QQJJ6,2
QQJJ5,2
QQJJ4,2
QQJJ3,2
QQJJ2,2
AQQTT,2
KQQTT,2
QQJTT,2
QQTT9,2
QQTT8,2
QQTT7,2
QQTT6,2
QQTT5,2
QQTT4,2
QQTT3,2
QQTT2,2
AQQ99,2
KQQ99,2
QQJ99,2
QQT99,2
QQ998,2
QQ997,2
QQ996,2
QQ995,2
QQ994,2
QQ993,2
QQ992,2
AQQ88,2
KQQ88,2
QQJ88,2
QQT88,2
QQ988,2
QQ887,2
QQ886,2
QQ885,2
QQ884,2
QQ883,2
QQ882,2
AQQ77,2
KQQ77,2
QQJ77,2
QQT77,2
QQ977,2
QQ877,2
QQ776,2
QQ775,2
QQ774,2
QQ773,2
QQ772,2
AQQ66,2
KQQ66,2
QQJ66,2
QQT66,2
QQ966,2
QQ866,2
QQ766,2
QQ665,2
QQ664,2
QQ663,2
QQ662,2
AQQ55,2
KQQ55,2
QQJ55,2
QQT55,2
QQ955,2
QQ855,2
QQ755,2
QQ655,2
QQ554,2
QQ553,2
QQ552,2
AQQ44,2
KQQ44,2
QQJ44,2
QQT44,2
QQ944,2
QQ844,2
QQ744,2
QQ644,2
QQ544,2
QQ443,2
QQ442,2
AQQ33,2
KQQ33,2
QQJ33,2
QQT33,2
QQ933,2
QQ833,2
QQ733,2
QQ633,2
QQ533,2
QQ433,2
QQ332,2
AQQ22,2
KQQ22,2
QQJ22,2
QQT22,2
QQ922,2
QQ822,2
QQ722,2
QQ622,2
QQ522,2
QQ422,2
QQ322,2
AJJTT,2
KJJTT,2
QJJTT,2
JJTT9,2
JJTT8,2
JJTT7,2
JJTT6,2
JJTT5,2
JJTT4,2
JJTT3,2
JJTT2,2
AJJ99,2
KJJ99,2
QJJ99,2
JJT99,2
JJ998,2
JJ997,2
JJ996,2
JJ995,2
JJ994,2
JJ993,2
JJ992,2
AJJ88,2
KJJ88,2
QJJ88,2
JJT88,2
JJ988,2
JJ887,2
JJ886,2
JJ885,2
JJ884,2
JJ883,2
JJ882,2
AJJ77,2
KJJ77,2
QJJ77,2
JJT77,2
JJ977,2
JJ877,2
JJ776,2
JJ775,2
JJ774,2
JJ773,2
JJ772,2
AJJ66,2
KJJ66,2
QJJ66,2
JJT66,2
JJ966,2
JJ866,2
JJ766,2
JJ665,2
JJ664,2
JJ663,2
JJ662,2
AJJ55,2
KJJ55,2
QJJ55,2
JJT55,2
JJ955,2
JJ855,2
JJ755,2
JJ655,2
JJ554,2
JJ553,2
JJ552,2
AJJ44,2
KJJ44,2
QJJ44,2
JJT44,2
JJ944,2
JJ844,2
JJ744,2
JJ644,2
JJ544,2
JJ443,2
JJ442,2
AJJ33,2
KJJ33,2
QJJ33,2
JJT33,2
JJ933,2
JJ833,2
JJ733,2
JJ633,2
JJ533,2
JJ433,2
JJ332,2
AJJ22,2
KJJ22,2
QJJ22,2
JJT22,2
JJ922,2
JJ822,2
JJ722,2
JJ622,2
JJ522,2
JJ422,2
JJ322,2
ATT99,2
KTT99,2
QTT99,2
JTT99,2
TT998,2
TT997,2
TT996,2
TT995,2
TT994,2
TT993,2
TT992,2
ATT88,2
KTT88,2
QTT88,2
JTT88,2
TT988,2
TT887,2
TT886,2
TT885,2
TT884,2
TT883,2
TT882,2
ATT77,2
KTT77,2
QTT77,2
JTT77,2
TT977,2
TT877,2
TT776,2
TT775,2
TT774,2
TT773,2
TT772,2
ATT66,2
KTT66,2
QTT66,2
JTT66,2
TT966,2
TT866,2
TT766,2
TT665,2
TT664,2
TT663,2
TT662,2
ATT55,2
KTT55,2
QTT55,2
JTT55,2
TT955,2
TT855,2
TT755,2
TT655,2
TT554,2
TT553,2
TT552,2
ATT44,2
KTT44,2
QTT44,2
JTT44,2
TT944,2
TT844,2
TT744,2
TT644,2
TT544,2
TT443,2
TT442,2
ATT33,2
KTT33,2
QTT33,2
JTT33,2
TT933,2
TT833,2
TT733,2
TT633,2
TT533,2
TT433,2
TT332,2
ATT22,2
KTT22,2
QTT22,2
JTT22,2
TT922,2
TT822,2
TT722,2
TT622,2
TT522,2
TT422,2
TT322,2
A9988,2
K9988,2
Q9988,2
J9988,2
T9988,2
99887,2
99886,2
99885,2
99884,2
99883,2
99882,2
A9977,2
K9977,2
Q9977,2
J9977,2
T9977,2
99877,2
99776,2
99775,2
99774,2
99773,2
99772,2
A9966,2
K9966,2
Q9966,2
J9966,2
T9966,2
99866,2
99766,2
99665,2
99664,2
99663,2
99662,2
A9955,2
K9955,2
Q9955,2
J9955,2
T9955,2
99855,2
99755,2
99655,2
99554,2
99553,2
99552,2
A9944,2
K9944,2
Q9944,2
J9944,2
T9944,2
99844,2
99744,2
99644,2
99544,2
99443,2
99442,2
A9933,2
K9933,2
Q9933,2
J9933,2
T9933,2
99833,2
99733,2
99633,2
99533,2
99433,2
99332,2
A9922,2
K9922,2
Q9922,2
J9922,2
T9922,2
99822,2
99722,2
99622,2
99522,2
99422,2
99322,2
A8877,2
K8877,2
Q8877,2
J8877,2
T8877,2
98877,2
88776,2
88775,2
88774,2
88773,2
88772,2
A8866,2
K8866,2
Q8866,2
J8866,2
T8866,2
98866,2
88766,2
88665,2
88664,2
88663,2
88662,2
A8855,2
K8855,2
Q8855,2
J8855,2
T8855,2
98855,2
88755,2
88655,2
88554,2
88553,2
88552,2
A8844,2
K8844,2
Q8844,2
J8844,2
T8844,2
98844,2
88744,2
88644,2
88544,2
88443,2
88442,2
A8833,2
K8833,2
Q8833,2
J8833,2
T8833,2
98833,2
88733,2
88633,2
88533,2
88433,2
88332,2
A8822,2
K8822,2
Q8822,2
J8822,2
T8822,2
98822,2
88722,2
88622,2
88522,2
88422,2
88322,2
A7766,2
K7766,2
Q7766,2
J7766,2
T7766,2
97766,2
87766,2
77665,2
77664,2
77663,2
77662,2
A7755,2
K7755,2
Q7755,2
J7755,2
T7755,2
97755,2
87755,2
77655,2
77554,2
77553,2
77552,2
A7744,2
K7744,2
Q7744,2
J7744,2
T7744,2
97744,2
87744,2
77644,2
77544,2
77443,2
77442,2
A7733,2
K7733,2
Q7733,2
J7733,2
T7733,2
97733,2
87733,2
77633,2
77533,2
77433,2
77332,2
A7722,2
K7722,2
Q7722,2
J7722,2
T7722,2
97722,2
87722,2
77622,2
77522,2
77422,2
77322,2
A6655,2
K6655,2
Q6655,2
J6655,2
T6655,2
96655,2
86655,2
76655,2
66554,2
66553,2
66552,2
A6644,2
K6644,2
Q6644,2
J6644,2
T6644,2
96644,2
86644,2
76644,2
66544,2
66443,2
66442,2
A6633,2
K6633,2
Q6633,2
J6633,2
T6633,2
96633,2
86633,2
76633,2
66533,2
66433,2
66332,2
A6622,2
K6622,2
Q6622,2
J6622,2
T6622,2
96622,2
86622,2
76622,2
66522,2
66422,2
66322,2
A5544,2
K5544,2
Q5544,2
J5544,2
T5544,2
95544,2
85544,2
75544,2
65544,2
55443,2
55442,2
A5533,2
K5533,2
Q5533,2
J5533,2
T5533,2
95533,2
85533,2
75533,2
65533,2
55433,2
55332,2
A5522,2
K5522,2
Q5522,2
J5522,2
T5522,2
95522,2
85522,2
75522,2
65522,2
55422,2
55322,2
A4433,2
K4433,2
Q4433,2
J4433,2
T4433,2
94433,2
84433,2
74433,2
64433,2
54433,2
44332,2
A4422,2
K4422,2
Q4422,2
J4422,2
T4422,2
94422,2
84422,2
74422,2
64422,2
54422,2
44322,2
A3322,2
K3322,2
Q3322,2
J3322,2
T3322,2
93322,2
83322,2
73322,2
63322,2
53322,2
43322,2
AAKQJ,1
AAKQT,1
AAKQ9,1
AAKQ8,1
AAKQ7,1
AAKQ6,1
AAKQ5,1
AAKQ4,1
AAKQ3,1
AAKQ2,1
AAKJT,1
AAKJ9,1
AAKJ8,1
AAKJ7,1
AAKJ6,1
AAKJ5,1
AAKJ4,1
AAKJ3,1
AAKJ2,1
AAKT9,1
AAKT8,1
AAKT7,1
AAKT6,1
AAKT5,1
AAKT4,1
AAKT3,1
AAKT2,1
AAK98,1
AAK97,1
AAK96,1
AAK95,1
AAK94,1
AAK93,1
AAK92,1
AAK87,1
AAK86,1
AAK85,1
AAK84,1
AAK83,1
AAK82,1
AAK76,1
AAK75,1
AAK74,1
AAK73,1
AAK72,1
AAK65,1
AAK64,1
AAK63,1
AAK62,1
AAK54,1
AAK53,1
AAK52,1
AAK43,1
AAK42,1
AAK32,1
AAQJT,1
AAQJ9,1
AAQJ8,1
AAQJ7,1
AAQJ6,1
AAQJ5,1
AAQJ4,1
AAQJ3,1
AAQJ2,1
AAQT9,1
AAQT8,1
AAQT7,1
AAQT6,1
AAQT5,1
AAQT4,1
AAQT3,1
AAQT2,1
AAQ98,1
AAQ97,1
AAQ96,1
AAQ95,1
AAQ94,1
AAQ93,1
AAQ92,1
AAQ87,1
AAQ86,1
AAQ85,1
AAQ84,1
AAQ83,1
AAQ82,1
AAQ76,1
AAQ75,1
AAQ74,1
AAQ73,1
AAQ72,1
AAQ65,1
AAQ64,1
AAQ63,1
AAQ62,1
AAQ54,1
AAQ53,1
AAQ52,1
AAQ43,1
AAQ42,1
AAQ32,1
AAJT9,1
AAJT8,1
AAJT7,1
AAJT6,1
AAJT5,1
AAJT4,1
AAJT3,1
AAJT2,1
AAJ98,1
AAJ97,1
AAJ96,1
AAJ95,1
AAJ94,1
AAJ93,1
AAJ92,1
AAJ87,1
AAJ86,1
AAJ85,1
AAJ84,1
AAJ83,1
AAJ82,1
AAJ76,1
AAJ75,1
AAJ74,1
AAJ73,1
AAJ72,1
AAJ65,1
AAJ64,1
AAJ63,1
AAJ62,1
AAJ54,1
AAJ53,1
AAJ52,1
AAJ43,1
AAJ42,1
AAJ32,1
AAT98,1
AAT97,1
AAT96,1
AAT95,1
AAT94,1
AAT93,1
AAT92,1
AAT87,1
AAT86,1
AAT85,1
AAT84,1
AAT83,1
AAT82,1
AAT76,1
AAT75,1
AAT74,1
AAT73,1
AAT72,1
AAT65,1
AAT64,1
AAT63,1
AAT62,1
AAT54,1
AAT53,1
AAT52,1
AAT43,1
AAT42,1
AAT32,1
AA987,1
AA986,1
AA985,1
AA984,1
AA983,1
AA982,1
AA976,1
AA975,1
AA974,1
AA973,1
AA972,1
AA965,1
AA964,1
AA963,1
AA962,1
AA954,1
AA953,1
AA952,1
AA943,1
AA942,1
AA932,1
AA876,1
AA875,1
AA874,1
AA873,1
AA872,1
AA865,1
AA864,1
AA863,1
AA862,1
AA854,1
AA853,1
AA852,1
AA843,1
AA842,1
AA832,1
AA765,1
AA764,1
AA763,1
AA762,1
AA754,1
AA753,1
AA752,1
AA743,1
AA742,1
AA732,1
AA654,1
AA653,1
AA652,1
AA643,1
AA642,1
AA632,1
AA543,1
AA542,1
AA532,1
AA432,1
AKKQJ,1
AKKQT,1
AKKQ9,1
AKKQ8,1
AKKQ7,1
AKKQ6,1
AKKQ5,1
AKKQ4,1
AKKQ3,1
AKKQ2,1
AKKJT,1
AKKJ9,1
AKKJ8,1
AKKJ7,1
AKKJ6,1
AKKJ5,1
AKKJ4,1
AKKJ3,1
AKKJ2,1
AKKT9,1
AKKT8,1
AKKT7,1
AKKT6,1
AKKT5,1
AKKT4,1
AKKT3,1
AKKT2,1
AKK98,1
AKK97,1
AKK96,1
AKK95,1
AKK94,1
AKK93,1
AKK92,1
AKK87,1
AKK86,1
AKK85,1
AKK84,1
AKK83,1
AKK82,1
AKK76,1
AKK75,1
AKK74,1
AKK73,1
AKK72,1
AKK65,1
AKK64,1
AKK63,1
AKK62,1
AKK54,1
AKK53,1
AKK52,1
AKK43,1
AKK42,1
AKK32,1
KKQJT,1
KKQJ9,1
KKQJ8,1
KKQJ7,1
KKQJ6,1
KKQJ5,1
KKQJ4,1
KKQJ3,1
KKQJ2,1
KKQT9,1
KKQT8,1
KKQT7,1
KKQT6,1
KKQT5,1
KKQT4,1
KKQT3,1
KKQT2,1
KKQ98,1
KKQ97,1
KKQ96,1
KKQ95,1
KKQ94,1
KKQ93,1
KKQ92,1
KKQ87,1
KKQ86,1
KKQ85,1
KKQ84,1
KKQ83,1
KKQ82,1
KKQ76,1
KKQ75,1
KKQ74,1
KKQ73,1
KKQ72,1
KKQ65,1
KKQ64,1
KKQ63,1
KKQ62,1
KKQ54,1
KKQ53,1
KKQ52,1
KKQ43,1
KKQ42,1
KKQ32,1
KKJT9,1
KKJT8,1
KKJT7,1
KKJT6,1
KKJT5,1
KKJT4,1
KKJT3,1
KKJT2,1
KKJ98,1
KKJ97,1
KKJ96,1
KKJ95,1
KKJ94,1
KKJ93,1
KKJ92,1
KKJ87,1
KKJ86,1
KKJ85,1
KKJ84,1
KKJ83,1
KKJ82,1
KKJ76,1
KKJ75,1
KKJ74,1
KKJ73,1
KKJ72,1
KKJ65,1
KKJ64,1
KKJ63,1
KKJ62,1
KKJ54,1
KKJ53,1
KKJ52,1
KKJ43,1
KKJ42,1
KKJ32,1
KKT98,1
KKT97,1
KKT96,1
KKT95,1
KKT94,1
KKT93,1
KKT92,1
KKT87,1
KKT86,1
KKT85,1
KKT84,1
KKT83,1
KKT82,1
KKT76,1
KKT75,1
KKT74,1
KKT73,1
KKT72,1
KKT65,1
KKT64,1
KKT63,1
KKT62,1
KKT54,1
KKT53,1
KKT52,1
KKT43,1
KKT42,1
KKT32,1
KK987,1
KK986,1
KK985,1
KK984,1
KK983,1
KK982,1
KK976,1
KK975,1
KK974,1
KK973,1
KK972,1
KK965,1
KK964,1
KK963,1
KK962,1
KK954,1
KK953,1
KK952,1
KK943,1
KK942,1
KK932,1
KK876,1
KK875,1
KK874,1
KK873,1
KK872,1
KK865,1
KK864,1
KK863,1
KK862,1
KK854,1
KK853,1
KK852,1
KK843,1
KK842,1
KK832,1
KK765,1
KK764,1
KK763,1
KK762,1
KK754,1
KK753,1
KK752,1
KK743,1
KK742,1
KK732,1
KK654,1
KK653,1
KK652,1
KK643,1
KK642,1
KK632,1
KK543,1
KK542,1
KK532,1
KK432,1
AKQQJ,1
AKQQT,1
AKQQ9,1
AKQQ8,1
AKQQ7,1
AKQQ6,1
AKQQ5,1
AKQQ4,1
AKQQ3,1
AKQQ2,1
AQQJT,1
AQQJ9,1
AQQJ8,1
AQQJ7,1
AQQJ6,1
AQQJ5,1
AQQJ4,1
AQQJ3,1
AQQJ2,1
AQQT9,1
AQQT8,1
AQQT7,1
AQQT6,1
AQQT5,1
AQQT4,1
AQQT3,1
AQQT2,1
AQQ98,1
AQQ97,1
AQQ96,1
AQQ95,1
AQQ94,1
AQQ93,1
AQQ92,1
AQQ87,1
AQQ86,1
AQQ85,1
AQQ84,1
AQQ83,1
AQQ82,1
AQQ76,1
AQQ75,1
AQQ74,1
AQQ73,1
AQQ72,1
AQQ65,1
AQQ64,1
AQQ63,1
AQQ62,1
AQQ54,1
AQQ53,1
AQQ52,1
AQQ43,1
AQQ42,1
AQQ32,1
KQQJT,1
KQQJ9,1
KQQJ8,1
KQQJ7,1
KQQJ6,1
KQQJ5,1
KQQJ4,1
KQQJ3,1
KQQJ2,1
KQQT9,1
KQQT8,1
KQQT7,1
KQQT6,1
KQQT5,1
KQQT4,1
KQQT3,1
KQQT2,1
KQQ98,1
KQQ97,1
KQQ96,1
KQQ95,1
KQQ94,1
KQQ93,1
KQQ92,1
KQQ87,1
KQQ86,1
KQQ85,1
KQQ84,1
KQQ83,1
KQQ82,1
KQQ76,1
KQQ75,1
KQQ74,1
KQQ73,1
KQQ72,1
KQQ65,1
KQQ64,1
KQQ63,1
KQQ62,1
KQQ54,1
KQQ53,1
KQQ52,1
KQQ43,1
KQQ42,1
KQQ32,1
QQJT9,1
QQJT8,1
QQJT7,1
QQJT6,1
QQJT5,1
QQJT4,1
QQJT3,1
QQJT2,1
QQJ98,1
QQJ97,1
QQJ96,1
QQJ95,1
QQJ94,1
QQJ93,1
QQJ92,1
QQJ87,1
QQJ86,1
QQJ85,1
QQJ84,1
QQJ83,1
QQJ82,1
QQJ76,1
QQJ75,1
QQJ74,1
QQJ73,1
QQJ72,1
QQJ65,1
QQJ64,1
QQJ63,1
QQJ62,1
QQJ54,1
QQJ53,1
QQJ52,1
QQJ43,1
QQJ42,1
QQJ32,1
QQT98,1
QQT97,1
QQT96,1
QQT95,1
QQT94,1
QQT93,1
QQT92,1
QQT87,1
QQT86,1
QQT85,1
QQT84,1
QQT83,1
QQT82,1
QQT76,1
QQT75,1
QQT74,1
QQT73,1
QQT72,1
QQT65,1
QQT64,1
QQT63,1
QQT62,1
QQT54,1
QQT53,1
QQT52,1
QQT43,1
QQT42,1
QQT32,1
QQ987,1
QQ986,1
QQ985,1
QQ984,1
QQ983,1
QQ982,1
QQ976,1
QQ975,1
QQ974,1
QQ973,1
QQ972,1
QQ965,1
QQ964,1
QQ963,1
QQ962,1
QQ954,1
QQ953,1
QQ952,1
QQ943,1
QQ942,1
QQ932,1
QQ876,1
QQ875,1
QQ874,1
QQ873,1
QQ872,1
QQ865,1
QQ864,1
QQ863,1
QQ862,1
QQ854,1
QQ853,1
QQ852,1
QQ843,1
QQ842,1
QQ832,1
QQ765,1
QQ764,1
QQ763,1
QQ762,1
QQ754,1
QQ753,1
QQ752,1
QQ743,1
QQ742,1
QQ732,1
QQ654,1
QQ653,1
QQ652,1
QQ643,1
QQ642,1
QQ632,1
QQ543,1
QQ542,1
QQ532,1
QQ432,1
AKQJJ,1
AKJJT,1
AKJJ9,1
AKJJ8,1
AKJJ7,1
AKJJ6,1
AKJJ5,1
AKJJ4,1
AKJJ3,1
AKJJ2,1
AQJJT,1
AQJJ9,1
AQJJ8,1
AQJJ7,1
AQJJ6,1
AQJJ5,1
AQJJ4,1
AQJJ3,1
AQJJ2,1
AJJT9,1
AJJT8,1
AJJT7,1
AJJT6,1
AJJT5,1
AJJT4,1
AJJT3,1
AJJT2,1
AJJ98,1
AJJ97,1
AJJ96,1
AJJ95,1
AJJ94,1
AJJ93,1
AJJ92,1
AJJ87,1
AJJ86,1
AJJ85,1
AJJ84,1
AJJ83,1
AJJ82,1
AJJ76,1
AJJ75,1
AJJ74,1
AJJ73,1
AJJ72,1
AJJ65,1
AJJ64,1
AJJ63,1
AJJ62,1
AJJ54,1
AJJ53,1
AJJ52,1
AJJ43,1
AJJ42,1
AJJ32,1
KQJJT,1
KQJJ9,1
KQJJ8,1
KQJJ7,1
KQJJ6,1
KQJJ5,1
KQJJ4,1
KQJJ3,1
KQJJ2,1
KJJT9,1
KJJT8,1
KJJT7,1
KJJT6,1
KJJT5,1
KJJT4,1
KJJT3,1
KJJT2,1
KJJ98,1
KJJ97,1
KJJ96,1
KJJ95,1
KJJ94,1
KJJ93,1
KJJ92,1
KJJ87,1
KJJ86,1
KJJ85,1
KJJ84,1
KJJ83,1
KJJ82,1
KJJ76,1
KJJ75,1
KJJ74,1
KJJ73,1
KJJ72,1
KJJ65,1
KJJ64,1
KJJ63,1
KJJ62,1
KJJ54,1
KJJ53,1
KJJ52,1
KJJ43,1
KJJ42,1
KJJ32,1
QJJT9,1
QJJT8,1
QJJT7,1
QJJT6,1
QJJT5,1
QJJT4,1
QJJT3,1
QJJT2,1
QJJ98,1
QJJ97,1
QJJ96,1
QJJ95,1
QJJ94,1
QJJ93,1
QJJ92,1
QJJ87,1
QJJ86,1
QJJ85,1
QJJ84,1
QJJ83,1
QJJ82,1
QJJ76,1
QJJ75,1
QJJ74,1
QJJ73,1
QJJ72,1
QJJ65,1
QJJ64,1
QJJ63,1
QJJ62,1
QJJ54,1
QJJ53,1
QJJ52,1
QJJ43,1
QJJ42,1
QJJ32,1
JJT98,1
JJT97,1
JJT96,1
JJT95,1
JJT94,1
JJT93,1
JJT92,1
JJT87,1
JJT86,1
JJT85,1
JJT84,1
JJT83,1
JJT82,1
JJT76,1
JJT75,1
JJT74,1
JJT73,1
JJT72,1
JJT65,1
JJT64,1
JJT63,1
JJT62,1
JJT54,1
JJT53,1
JJT52,1
JJT43,1
JJT42,1
JJT32,1
JJ987,1
JJ986,1
JJ985,1
JJ984,1
JJ983,1
JJ982,1
JJ976,1
JJ975,1
JJ974,1
JJ973,1
JJ972,1
JJ965,1
JJ964,1
JJ963,1
JJ962,1
JJ954,1
JJ953,1
JJ952,1
JJ943,1
JJ942,1
JJ932,1
JJ876,1
JJ875,1
JJ874,1
JJ873,1
JJ872,1
JJ865,1
JJ864,1
JJ863,1
JJ862,1
JJ854,1
JJ853,1
JJ852,1
JJ843,1
JJ842,1
JJ832,1
JJ765,1
JJ764,1
JJ763,1
JJ762,1
JJ754,1
JJ753,1
JJ752,1
JJ743,1
JJ742,1
JJ732,1
JJ654,1
JJ653,1
JJ652,1
JJ643,1
JJ642,1
JJ632,1
JJ543,1
JJ542,1
JJ532,1
JJ432,1
AKQTT,1
AKJTT,1
AKTT9,1
AKTT8,1
AKTT7,1
AKTT6,1
AKTT5,1
AKTT4,1
AKTT3,1
AKTT2,1
AQJTT,1
AQTT9,1
AQTT8,1
AQTT7,1
AQTT6,1
AQTT5,1
AQTT4,1
AQTT3,1
AQTT2,1
AJTT9,1
AJTT8,1
AJTT7,1
AJTT6,1
AJTT5,1
AJTT4,1
AJTT3,1
AJTT2,1
ATT98,1
ATT97,1
ATT96,1
ATT95,1
ATT94,1
ATT93,1
ATT92,1
ATT87,1
ATT86,1
ATT85,1
ATT84,1
ATT83,1
ATT82,1
ATT76,1
ATT75,1
ATT74,1
ATT73,1
ATT72,1
ATT65,1
ATT64,1
ATT63,1
ATT62,1
ATT54,1
ATT53,1
ATT52,1
ATT43,1
ATT42,1
ATT32,1
KQJTT,1
KQTT9,1
KQTT8,1
KQTT7,1
KQTT6,1
KQTT5,1
KQTT4,1
KQTT3,1
KQTT2,1
KJTT9,1
KJTT8,1
KJTT7,1
KJTT6,1
KJTT5,1
KJTT4,1
KJTT3,1
KJTT2,1
KTT98,1
KTT97,1
KTT96,1
KTT95,1
KTT94,1
KTT93,1
KTT92,1
KTT87,1
KTT86,1
KTT85,1
KTT84,1
KTT83,1
KTT82,1
KTT76,1
KTT75,1
KTT74,1
KTT73,1
KTT72,1
KTT65,1
KTT64,1
KTT63,1
KTT62,1
KTT54,1
KTT53,1
KTT52,1
KTT43,1
KTT42,1
KTT32,1
QJTT9,1
QJTT8,1
QJTT7,1
QJTT6,1
QJTT5,1
QJTT4,1
QJTT3,1
QJTT2,1
QTT98,1
QTT97,1
QTT96,1
QTT95,1
QTT94,1
QTT93,1
QTT92,1
QTT87,1
QTT86,1
QTT85,1
QTT84,1
QTT83,1
QTT82,1
QTT76,1
QTT75,1
QTT74,1
QTT73,1
QTT72,1
QTT65,1
QTT64,1
QTT63,1
QTT62,1
QTT54,1
QTT53,1
QTT52,1
QTT43,1
QTT42,1
QTT32,1
JTT98,1
JTT97,1
JTT96,1
JTT95,1
JTT94,1
JTT93,1
JTT92,1
JTT87,1
JTT86,1
JTT85,1
JTT84,1
JTT83,1
JTT82,1
JTT76,1
JTT75,1
JTT74,1
JTT73,1
JTT72,1
JTT65,1
JTT64,1
JTT63,1
JTT62,1
JTT54,1
JTT53,1
JTT52,1
JTT43,1
JTT42,1
JTT32,1
TT987,1
TT986,1
TT985,1
TT984,1
TT983,1
TT982,1
TT976,1
TT975,1
TT974,1
TT973,1
TT972,1
TT965,1
TT964,1
TT963,1
TT962,1
TT954,1
TT953,1
TT952,1
TT943,1
TT942,1
TT932,1
TT876,1
TT875,1
TT874,1
TT873,1
TT872,1
TT865,1
TT864,1
TT863,1
TT862,1
TT854,1
TT853,1
TT852,1
TT843,1
TT842,1
TT832,1
TT765,1
TT764,1
TT763,1
TT762,1
TT754,1
TT753,1
TT752,1
TT743,1
TT742,1
TT732,1
TT654,1
TT653,1
TT652,1
TT643,1
TT642,1
TT632,1
TT543,1
TT542,1
TT532,1
TT432,1
AKQ99,1
AKJ99,1
AKT99,1
AK998,1
AK997,1
AK996,1
AK995,1
AK994,1
AK993,1
AK992,1
AQJ99,1
AQT99,1
AQ998,1
AQ997,1
AQ996,1
AQ995,1
AQ994,1
AQ993,1
AQ992,1
AJT99,1
AJ998,1
AJ997,1
AJ996,1
AJ995,1
AJ994,1
AJ993,1
AJ992,1
AT998,1
AT997,1
AT996,1
AT995,1
AT994,1
AT993,1
AT992,1
A9987,1
A9986,1
A9985,1
A9984,1
A9983,1
A9982,1
A9976,1
A9975,1
A9974,1
A9973,1
A9972,1
A9965,1
A9964,1
A9963,1
A9962,1
A9954,1
A9953,1
A9952,1
A9943,1
A9942,1
A9932,1
KQJ99,1
KQT99,1
KQ998,1
KQ997,1
KQ996,1
KQ995,1
KQ994,1
KQ993,1
KQ992,1
KJT99,1
KJ998,1
KJ997,1
KJ996,1
KJ995,1
KJ994,1
KJ993,1
KJ992,1
KT998,1
KT997,1
KT996,1
KT995,1
KT994,1
KT993,1
KT992,1
K9987,1
K9986,1
K9985,1
K9984,1
K9983,1
K9982,1
K9976,1
K9975,1
K9974,1
K9973,1
K9972,1
K9965,1
K9964,1
K9963,1
K9962,1
K9954,1
K9953,1
K9952,1
K9943,1
K9942,1
K9932,1
QJT99,1
QJ998,1
QJ997,1
QJ996,1
QJ995,1
QJ994,1
QJ993,1
QJ992,1
QT998,1
QT997,1
QT996,1
QT995,1
QT994,1
QT993,1
QT992,1
Q9987,1
Q9986,1
Q9985,1
Q9984,1
Q9983,1
Q9982,1
Q9976,1
Q9975,1
Q9974,1
Q9973,1
Q9972,1
Q9965,1
Q9964,1
Q9963,1
Q9962,1
Q9954,1
Q9953,1
Q9952,1
Q9943,1
Q9942,1
Q9932,1
JT998,1
JT997,1
JT996,1
JT995,1
JT994,1
JT993,1
JT992,1
J9987,1
J9986,1
J9985,1
J9984,1
J9983,1
J9982,1
J9976,1
J9975,1
J9974,1
J9973,1
J9972,1
J9965,1
J9964,1
J9963,1
J9962,1
J9954,1
J9953,1
J9952,1
J9943,1
J9942,1
J9932,1
T9987,1
T9986,1
T9985,1
T9984,1
T9983,1
T9982,1
T9976,1
T9975,1
T9974,1
T9973,1
T9972,1
T9965,1
T9964,1
T9963,1
T9962,1
T9954,1
T9953,1
T9952,1
T9943,1
T9942,1
T9932,1
99876,1
99875,1
99874,1
99873,1
99872,1
99865,1
99864,1
99863,1
99862,1
99854,1
99853,1
99852,1
99843,1
99842,1
99832,1
99765,1
99764,1
99763,1
99762,1
99754,1
99753,1
99752,1
99743,1
99742,1
99732,1
99654,1
99653,1
99652,1
99643,1
99642,1
99632,1
99543,1
99542,1
99532,1
99432,1
AKQ88,1
AKJ88,1
AKT88,1
AK988,1
AK887,1
AK886,1
AK885,1
AK884,1
AK883,1
AK882,1
AQJ88,1
AQT88,1
AQ988,1
AQ887,1
AQ886,1
AQ885,1
AQ884,1
AQ883,1
AQ882,1
AJT88,1
AJ988,1
AJ887,1
AJ886,1
AJ885,1
AJ884,1
AJ883,1
AJ882,1
AT988,1
AT887,1
AT886,1
AT885,1
AT884,1
AT883,1
AT882,1
A9887,1
A9886,1
A9885,1
A9884,1
A9883,1
A9882,1
A8876,1
A8875,1
A8874,1
A8873,1
A8872,1
A8865,1
A8864,1
A8863,1
A8862,1
A8854,1
A8853,1
A8852,1
A8843,1
A8842,1
A8832,1
KQJ88,1
KQT88,1
KQ988,1
KQ887,1
KQ886,1
KQ885,1
KQ884,1
KQ883,1
KQ882,1
KJT88,1
KJ988,1
KJ887,1
KJ886,1
KJ885,1
KJ884,1
KJ883,1
KJ882,1
KT988,1
KT887,1
KT886,1
KT885,1
KT884,1
KT883,1
KT882,1
K9887,1
K9886,1
K9885,1
K9884,1
K9883,1
K9882,1
K8876,1
K8875,1
K8874,1
K8873,1
K8872,1
K8865,1
K8864,1
K8863,1
K8862,1
K8854,1
K8853,1
K8852,1
K8843,1
K8842,1
K8832,1
QJT88,1
QJ988,1
QJ887,1
QJ886,1
QJ885,1
QJ884,1
QJ883,1
QJ882,1
QT988,1
QT887,1
QT886,1
QT885,1
QT884,1
QT883,1
QT882,1
Q9887,1
Q9886,1
Q9885,1
Q9884,1
Q9883,1
Q9882,1
Q8876,1
Q8875,1
Q8874,1
Q8873,1
Q8872,1
Q8865,1
Q8864,1
Q8863,1
Q8862,1
Q8854,1
Q8853,1
Q8852,1
Q8843,1
Q8842,1
Q8832,1
JT988,1
JT887,1
JT886,1
JT885,1
JT884,1
JT883,1
JT882,1
J9887,1
J9886,1
J9885,1
J9884,1
J9883,1
J9882,1
J8876,1
J8875,1
J8874,1
J8873,1
J8872,1
J8865,1
J8864,1
J8863,1
J8862,1
J8854,1
J8853,1
J8852,1
J8843,1
J8842,1
J8832,1
T9887,1
T9886,1
T9885,1
T9884,1
T9883,1
T9882,1
T8876,1
T8875,1
T8874,1
T8873,1
T8872,1
T8865,1
T8864,1
T8863,1
T8862,1
T8854,1
T8853,1
T8852,1
T8843,1
T8842,1
T8832,1
98876,1
98875,1
98874,1
98873,1
98872,1
98865,1
98864,1
98863,1
98862,1
98854,1
98853,1
98852,1
98843,1
98842,1
98832,1
88765,1
88764,1
88763,1
88762,1
88754,1
88753,1
88752,1
88743,1
88742,1
88732,1
88654,1
88653,1
88652,1
88643,1
88642,1
88632,1
88543,1
88542,1
88532,1
88432,1
AKQ77,1
AKJ77,1
AKT77,1
AK977,1
AK877,1
AK776,1
AK775,1
AK774,1
AK773,1
AK772,1
AQJ77,1
AQT77,1
AQ977,1
AQ877,1
AQ776,1
AQ775,1
AQ774,1
AQ773,1
AQ772,1
AJT77,1
AJ977,1
AJ877,1
AJ776,1
AJ775,1
AJ774,1
AJ773,1
AJ772,1
AT977,1
AT877,1
AT776,1
AT775,1
AT774,1
AT773,1
AT772,1
A9877,1
A9776,1
A9775,1
A9774,1
A9773,1
A9772,1
A8776,1
A8775,1
A8774,1
A8773,1
A8772,1
A7765,1
A7764,1
A7763,1
A7762,1
A7754,1
A7753,1
A7752,1
A7743,1
A7742,1
A7732,1
KQJ77,1
KQT77,1
KQ977,1
KQ877,1
KQ776,1
KQ775,1
KQ774,1
KQ773,1
KQ772,1
KJT77,1
KJ977,1
KJ877,1
KJ776,1
KJ775,1
KJ774,1
KJ773,1
KJ772,1
KT977,1
KT877,1
KT776,1
KT775,1
KT774,1
KT773,1
KT772,1
K9877,1
K9776,1
K9775,1
K9774,1
K9773,1
K9772,1
K8776,1
K8775,1
K8774,1
K8773,1
K8772,1
K7765,1
K7764,1
K7763,1
K7762,1
K7754,1
K7753,1
K7752,1
K7743,1
K7742,1
K7732,1
QJT77,1
QJ977,1
QJ877,1
QJ776,1
QJ775,1
QJ774,1
QJ773,1
QJ772,1
QT977,1
QT877,1
QT776,1
QT775,1
QT774,1
QT773,1
QT772,1
Q9877,1
Q9776,1
Q9775,1
Q9774,1
Q9773,1
Q9772,1
Q8776,1
Q8775,1
Q8774,1
Q8773,1
Q8772,1
Q7765,1
Q7764,1
Q7763,1
Q7762,1
Q7754,1
Q7753,1
Q7752,1
Q7743,1
Q7742,1
Q7732,1
JT977,1
JT877,1
JT776,1
JT775,1
JT774,1
JT773,1
JT772,1
J9877,1
J9776,1
J9775,1
J9774,1
J9773,1
J9772,1
J8776,1
J8775,1
J8774,1
J8773,1
J8772,1
J7765,1
J7764,1
J7763,1
J7762,1
J7754,1
J7753,1
J7752,1
J7743,1
J7742,1
J7732,1
T9877,1
T9776,1
T9775,1
T9774,1
T9773,1
T9772,1
T8776,1
T8775,1
T8774,1
T8773,1
T8772,1
T7765,1
T7764,1
T7763,1
T7762,1
T7754,1
T7753,1
T7752,1
T7743,1
T7742,1
T7732,1
98776,1
98775,1
98774,1
98773,1
98772,1
97765,1
97764,1
97763,1
97762,1
97754,1
97753,1
97752,1
97743,1
97742,1
97732,1
87765,1
87764,1
87763,1
87762,1
87754,1
87753,1
87752,1
87743,1
87742,1
87732,1
77654,1
77653,1
77652,1
77643,1
77642,1
77632,1
77543,1
77542,1
77532,1
77432,1
AKQ66,1
AKJ66,1
AKT66,1
AK966,1
AK866,1
AK766,1
AK665,1
AK664,1
AK663,1
AK662,1
AQJ66,1
AQT66,1
AQ966,1
AQ866,1
AQ766,1
AQ665,1
AQ664,1
AQ663,1
AQ662,1
AJT66,1
AJ966,1
AJ866,1
AJ766,1
AJ665,1
AJ664,1
AJ663,1
AJ662,1
AT966,1
AT866,1
AT766,1
AT665,1
AT664,1
AT663,1
AT662,1
A9866,1
A9766,1
A9665,1
A9664,1
A9663,1
A9662,1
A8766,1
A8665,1
A8664,1
A8663,1
A8662,1
A7665,1
A7664,1
A7663,1
A7662,1
A6654,1
A6653,1
A6652,1
A6643,1
A6642,1
A6632,1
KQJ66,1
KQT66,1
KQ966,1
KQ866,1
KQ766,1
KQ665,1
KQ664,1
KQ663,1
KQ662,1
KJT66,1
KJ966,1
KJ866,1
KJ766,1
KJ665,1
KJ664,1
KJ663,1
KJ662,1
KT966,1
KT866,1
KT766,1
KT665,1
KT664,1
KT663,1
KT662,1
K9866,1
K9766,1
K9665,1
K9664,1
K9663,1
K9662,1
K8766,1
K8665,1
K8664,1
K8663,1
K8662,1
K7665,1
K7664,1
K7663,1
K7662,1
K6654,1
K6653,1
K6652,1
K6643,1
K6642,1
K6632,1
QJT66,1
QJ966,1
QJ866,1
QJ766,1
QJ665,1
QJ664,1
QJ663,1
QJ662,1
QT966,1
QT866,1
QT766,1
QT665,1
QT664,1
QT663,1
QT662,1
Q9866,1
Q9766,1
Q9665,1
Q9664,1
Q9663,1
Q9662,1
Q8766,1
Q8665,1
Q8664,1
Q8663,1
Q8662,1
Q7665,1
Q7664,1
Q7663,1
Q7662,1
Q6654,1
Q6653,1
Q6652,1
Q6643,1
Q6642,1
Q6632,1
JT966,1
JT866,1
JT766,1
JT665,1
JT664,1
JT663,1
JT662,1
J9866,1
J9766,1
J9665,1
J9664,1
J9663,1
J9662,1
J8766,1
J8665,1
J8664,1
J8663,1
J8662,1
J7665,1
J7664,1
J7663,1
J7662,1
J6654,1
J6653,1
J6652,1
J6643,1
J6642,1
J6632,1
T9866,1
T9766,1
T9665,1
T9664,1
T9663,1
T9662,1
T8766,1
T8665,1
T8664,1
T8663,1
T8662,1
T7665,1
T7664,1
T7663,1
T7662,1
T6654,1
T6653,1
T6652,1
T6643,1
T6642,1
T6632,1
98766,1
98665,1
98664,1
98663,1
98662,1
97665,1
97664,1
97663,1
97662,1
96654,1
96653,1
96652,1
96643,1
96642,1
96632,1
87665,1
87664,1
87663,1
87662,1
86654,1
86653,1
86652,1
86643,1
86642,1
86632,1
76654,1
76653,1
76652,1
76643,1
76642,1
76632,1
66543,1
66542,1
66532,1
66432,1
AKQ55,1
AKJ55,1
AKT55,1
AK955,1
AK855,1
AK755,1
AK655,1
AK554,1
AK553,1
AK552,1
AQJ55,1
AQT55,1
AQ955,1
AQ855,1
AQ755,1
AQ655,1
AQ554,1
AQ553,1
AQ552,1
AJT55,1
AJ955,1
AJ855,1
AJ755,1
AJ655,1
AJ554,1
AJ553,1
AJ552,1
AT955,1
AT855,1
AT755,1
AT655,1
AT554,1
AT553,1
AT552,1
A9855,1
A9755,1
A9655,1
A9554,1
A9553,1
A9552,1
A8755,1
A8655,1
A8554,1
A8553,1
A8552,1
A7655,1
A7554,1
A7553,1
A7552,1
A6554,1
A6553,1
A6552,1
A5543,1
A5542,1
A5532,1
KQJ55,1
KQT55,1
KQ955,1
KQ855,1
KQ755,1
KQ655,1
KQ554,1
KQ553,1
KQ552,1
KJT55,1
KJ955,1
KJ855,1
KJ755,1
KJ655,1
KJ554,1
KJ553,1
KJ552,1
KT955,1
KT855,1
KT755,1
KT655,1
KT554,1
KT553,1
KT552,1
K9855,1
K9755,1
K9655,1
K9554,1
K9553,1
K9552,1
K8755,1
K8655,1
K8554,1
K8553,1
K8552,1
K7655,1
K7554,1
K7553,1
K7552,1
K6554,1
K6553,1
K6552,1
K5543,1
K5542,1
K5532,1
QJT55,1
QJ955,1
QJ855,1
QJ755,1
QJ655,1
QJ554,1
QJ553,1
QJ552,1
QT955,1
QT855,1
QT755,1
QT655,1
QT554,1
QT553,1
QT552,1
Q9855,1
Q9755,1
Q9655,1
Q9554,1
Q9553,1
Q9552,1
Q8755,1
Q8655,1
Q8554,1
Q8553,1
Q8552,1
Q7655,1
Q7554,1
Q7553,1
Q7552,1
Q6554,1
Q6553,1
Q6552,1
Q5543,1
Q5542,1
Q5532,1
JT955,1
JT855,1
JT755,1
JT655,1
JT554,1
JT553,1
JT552,1
J9855,1
J9755,1
J9655,1
J9554,1
J9553,1
J9552,1
J8755,1
J8655,1
J8554,1
J8553,1
J8552,1
J7655,1
J7554,1
J7553,1
J7552,1
J6554,1
J6553,1
J6552,1
J5543,1
J5542,1
J5532,1
T9855,1
T9755,1
T9655,1
T9554,1
T9553,1
T9552,1
T8755,1
T8655,1
T8554,1
T8553,1
T8552,1
T7655,1
T7554,1
T7553,1
T7552,1
T6554,1
T6553,1
T6552,1
T5543,1
T5542,1
T5532,1
98755,1
98655,1
98554,1
98553,1
98552,1
97655,1
97554,1
97553,1
97552,1
96554,1
96553,1
96552,1
95543,1
95542,1
95532,1
87655,1
87554,1
87553,1
87552,1
86554,1
86553,1
86552,1
85543,1
85542,1
85532,1
76554,1
76553,1
76552,1
75543,1
75542,1
75532,1
65543,1
65542,1
65532,1
55432,1
AKQ44,1
AKJ44,1
AKT44,1
AK944,1
AK844,1
AK744,1
AK644,1
AK544,1
AK443,1
AK442,1
AQJ44,1
AQT44,1
AQ944,1
AQ844,1
AQ744,1
AQ644,1
AQ544,1
AQ443,1
AQ442,1
AJT44,1
AJ944,1
AJ844,1
AJ744,1
AJ644,1
AJ544,1
AJ443,1
AJ442,1
AT944,1
AT844,1
AT744,1
AT644,1
AT544,1
AT443,1
AT442,1
A9844,1
A9744,1
A9644,1
A9544,1
A9443,1
A9442,1
A8744,1
A8644,1
A8544,1
A8443,1
A8442,1
A7644,1
A7544,1
A7443,1
A7442,1
A6544,1
A6443,1
A6442,1
A5443,1
A5442,1
A4432,1
KQJ44,1
KQT44,1
KQ944,1
KQ844,1
KQ744,1
KQ644,1
KQ544,1
KQ443,1
KQ442,1
KJT44,1
KJ944,1
KJ844,1
KJ744,1
KJ644,1
KJ544,1
KJ443,1
KJ442,1
KT944,1
KT844,1
KT744,1
KT644,1
KT544,1
KT443,1
KT442,1
K9844,1
K9744,1
K9644,1
K9544,1
K9443,1
K9442,1
K8744,1
K8644,1
K8544,1
K8443,1
K8442,1
K7644,1
K7544,1
K7443,1
K7442,1
K6544,1
K6443,1
K6442,1
K5443,1
K5442,1
K4432,1
QJT44,1
QJ944,1
QJ844,1
QJ744,1
QJ644,1
QJ544,1
QJ443,1
QJ442,1
QT944,1
QT844,1
QT744,1
QT644,1
QT544,1
QT443,1
QT442,1
Q9844,1
Q9744,1
Q9644,1
Q9544,1
Q9443,1
Q9442,1
Q8744,1
Q8644,1
Q8544,1
Q8443,1
Q8442,1
Q7644,1
Q7544,1
Q7443,1
Q7442,1
Q6544,1
Q6443,1
Q6442,1
Q5443,1
Q5442,1
Q4432,1
JT944,1
JT844,1
JT744,1
JT644,1
JT544,1
JT443,1
JT442,1
J9844,1
J9744,1
J9644,1
J9544,1
J9443,1
J9442,1
J8744,1
J8644,1
J8544,1
J8443,1
J8442,1
J7644,1
J7544,1
J7443,1
J7442,1
J6544,1
J6443,1
J6442,1
J5443,1
J5442,1
J4432,1
T9844,1
T9744,1
T9644,1
T9544,1
T9443,1
T9442,1
T8744,1
T8644,1
T8544,1
T8443,1
T8442,1
T7644,1
T7544,1
T7443,1
T7442,1
T6544,1
T6443,1
T6442,1
T5443,1
T5442,1
T4432,1
98744,1
98644,1
98544,1
98443,1
98442,1
97644,1
97544,1
97443,1
97442,1
96544,1
96443,1
96442,1
95443,1
95442,1
94432,1
87644,1
87544,1
87443,1
87442,1
86544,1
86443,1
86442,1
85443,1
85442,1
84432,1
76544,1
76443,1
76442,1
75443,1
75442,1
74432,1
65443,1
65442,1
64432,1
54432,1
AKQ33,1
AKJ33,1
AKT33,1
AK933,1
AK833,1
AK733,1
AK633,1
AK533,1
AK433,1
AK332,1
AQJ33,1
AQT33,1
AQ933,1
AQ833,1
AQ733,1
AQ633,1
AQ533,1
AQ433,1
AQ332,1
AJT33,1
AJ933,1
AJ833,1
AJ733,1
AJ633,1
AJ533,1
AJ433,1
AJ332,1
AT933,1
AT833,1
AT733,1
AT633,1
AT533,1
AT433,1
AT332,1
A9833,1
A9733,1
A9633,1
A9533,1
A9433,1
A9332,1
A8733,1
A8633,1
A8533,1
A8433,1
A8332,1
A7633,1
A7533,1
A7433,1
A7332,1
A6533,1
A6433,1
A6332,1
A5433,1
A5332,1
A4332,1
KQJ33,1
KQT33,1
KQ933,1
KQ833,1
KQ733,1
KQ633,1
KQ533,1
KQ433,1
KQ332,1
KJT33,1
KJ933,1
KJ833,1
KJ733,1
KJ633,1
KJ533,1
KJ433,1
KJ332,1
KT933,1
KT833,1
KT733,1
KT633,1
KT533,1
KT433,1
KT332,1
K9833,1
K9733,1
K9633,1
K9533,1
K9433,1
K9332,1
K8733,1
K8633,1
K8533,1
K8433,1
K8332,1
K7633,1
K7533,1
K7433,1
K7332,1
K6533,1
K6433,1
K6332,1
K5433,1
K5332,1
K4332,1
QJT33,1
QJ933,1
QJ833,1
QJ733,1
QJ633,1
QJ533,1
QJ433,1
QJ332,1
QT933,1
QT833,1
QT733,1
QT633,1
QT533,1
QT433,1
QT332,1
Q9833,1
Q9733,1
Q9633,1
Q9533,1
Q9433,1
Q9332,1
Q8733,1
Q8633,1
Q8533,1
Q8433,1
Q8332,1
Q7633,1
Q7533,1
Q7433,1
Q7332,1
Q6533,1
Q6433,1
Q6332,1
Q5433,1
Q5332,1
Q4332,1
JT933,1
JT833,1
JT733,1
JT633,1
JT533,1
JT433,1
JT332,1
J9833,1
J9733,1
J9633,1
J9533,1
J9433,1
J9332,1
J8733,1
J8633,1
J8533,1
J8433,1
J8332,1
J7633,1
J7533,1
J7433,1
J7332,1
J6533,1
J6433,1
J6332,1
J5433,1
J5332,1
J4332,1
T9833,1
T9733,1
T9633,1
T9533,1
T9433,1
T9332,1
T8733,1
T8633,1
T8533,1
T8433,1
T8332,1
T7633,1
T7533,1
T7433,1
T7332,1
T6533,1
T6433,1
T6332,1
T5433,1
T5332,1
T4332,1
98733,1
98633,1
98533,1
98433,1
98332,1
97633,1
97533,1
97433,1
97332,1
96533,1
96433,1
96332,1
95433,1
95332,1
94332,1
87633,1
87533,1
87433,1
87332,1
86533,1
86433,1
86332,1
85433,1
85332,1
84332,1
76533,1
76433,1
76332,1
75433,1
75332,1
74332,1
65433,1
65332,1
64332,1
54332,1
AKQ22,1
AKJ22,1
AKT22,1
AK922,1
AK822,1
AK722,1
AK622,1
AK522,1
AK422,1
AK322,1
AQJ22,1
AQT22,1
AQ922,1
AQ822,1
AQ722,1
AQ622,1
AQ522,1
AQ422,1
AQ322,1
AJT22,1
AJ922,1
AJ822,1
AJ722,1
AJ622,1
AJ522,1
AJ422,1
AJ322,1
AT922,1
AT822,1
AT722,1
AT622,1
AT522,1
AT422,1
AT322,1
A9822,1
A9722,1
A9622,1
A9522,1
A9422,1
A9322,1
A8722,1
A8622,1
A8522,1
A8422,1
A8322,1
A7622,1
A7522,1
A7422,1
A7322,1
A6522,1
A6422,1
A6322,1
A5422,1
A5322,1
A4322,1
KQJ22,1
KQT22,1
KQ922,1
KQ822,1
KQ722,1
KQ622,1
KQ522,1
KQ422,1
KQ322,1
KJT22,1
KJ922,1
KJ822,1
KJ722,1
KJ622,1
KJ522,1
KJ422,1
KJ322,1
KT922,1
KT822,1
KT722,1
KT622,1
KT522,1
KT422,1
KT322,1
K9822,1
K9722,1
K9622,1
K9522,1
K9422,1
K9322,1
K8722,1
K8622,1
K8522,1
K8422,1
K8322,1
K7622,1
K7522,1
K7422,1
K7322,1
K6522,1
K6422,1
K6322,1
K5422,1
K5322,1
K4322,1
QJT22,1
QJ922,1
QJ822,1
QJ722,1
QJ622,1
QJ522,1
QJ422,1
QJ322,1
QT922,1
QT822,1
QT722,1
QT622,1
QT522,1
QT422,1
QT322,1
Q9822,1
Q9722,1
Q9622,1
Q9522,1
Q9422,1
Q9322,1
Q8722,1
Q8622,1
Q8522,1
Q8422,1
Q8322,1
Q7622,1
Q7522,1
Q7422,1
Q7322,1
Q6522,1
Q6422,1
Q6322,1
Q5422,1
Q5322,1
Q4322,1
JT922,1
JT822,1
JT722,1
JT622,1
JT522,1
JT422,1
JT322,1
J9822,1
J9722,1
J9622,1
J9522,1
J9422,1
J9322,1
J8722,1
J8622,1
J8522,1
J8422,1
J8322,1
J7622,1
J7522,1
J7422,1
J7322,1
J6522,1
J6422,1
J6322,1
J5422,1
J5322,1
J4322,1
T9822,1
T9722,1
T9622,1
T9522,1
T9422,1
T9322,1
T8722,1
T8622,1
T8522,1
T8422,1
T8322,1
T7622,1
T7522,1
T7422,1
T7322,1
T6522,1
T6422,1
T6322,1
T5422,1
T5322,1
T4322,1
98722,1
98622,1
98522,1
98422,1
98322,1
97622,1
97522,1
97422,1
97322,1
96522,1
96422,1
96322,1
95422,1
95322,1
94322,1
87622,1
87522,1
87422,1
87322,1
86522,1
86422,1
86322,1
85422,1
85322,1
84322,1
76522,1
76422,1
76322,1
75422,1
75322,1
74322,1
65422,1
65322,1
64322,1
54322,1
AKQJ9,0
AKQJ8,0
AKQJ7,0
AKQJ6,0
AKQJ5,0
AKQJ4,0
AKQJ3,0
AKQJ2,0
AKQT9,0
AKQT8,0
AKQT7,0
AKQT6,0
AKQT5,0
AKQT4,0
AKQT3,0
AKQT2,0
AKQ98,0
AKQ97,0
AKQ96,0
AKQ95,0
AKQ94,0
AKQ93,0
AKQ92,0
AKQ87,0
AKQ86,0
AKQ85,0
AKQ84,0
AKQ83,0
AKQ82,0
AKQ76,0
AKQ75,0
AKQ74,0
AKQ73,0
AKQ72,0
AKQ65,0
AKQ64,0
AKQ63,0
AKQ62,0
AKQ54,0
AKQ53,0
AKQ52,0
AKQ43,0
AKQ42,0
AKQ32,0
AKJT9,0
AKJT8,0
AKJT7,0
AKJT6,0
AKJT5,0
AKJT4,0
AKJT3,0
AKJT2,0
AKJ98,0
AKJ97,0
AKJ96,0
AKJ95,0
AKJ94,0
AKJ93,0
AKJ92,0
AKJ87,0
AKJ86,0
AKJ85,0
AKJ84,0
AKJ83,0
AKJ82,0
AKJ76,0
AKJ75,0
AKJ74,0
AKJ73,0
AKJ72,0
AKJ65,0
AKJ64,0
AKJ63,0
AKJ62,0
AKJ54,0
AKJ53,0
AKJ52,0
AKJ43,0
AKJ42,0
AKJ32,0
AKT98,0
AKT97,0
AKT96,0
AKT95,0
AKT94,0
AKT93,0
AKT92,0
AKT87,0
AKT86,0
AKT85,0
AKT84,0
AKT83,0
AKT82,0
AKT76,0
AKT75,0
AKT74,0
AKT73,0
AKT72,0
AKT65,0
AKT64,0
AKT63,0
AKT62,0
AKT54,0
AKT53,0
AKT52,0
AKT43,0
AKT42,0
AKT32,0
AK987,0
AK986,0
AK985,0
AK984,0
AK983,0
AK982,0
AK976,0
AK975,0
AK974,0
AK973,0
AK972,0
AK965,0
AK964,0
AK963,0
AK962,0
AK954,0
AK953,0
AK952,0
AK943,0
AK942,0
AK932,0
AK876,0
AK875,0
AK874,0
AK873,0
AK872,0
AK865,0
AK864,0
AK863,0
AK862,0
AK854,0
AK853,0
AK852,0
AK843,0
AK842,0
AK832,0
AK765,0
AK764,0
AK763,0
AK762,0
AK754,0
AK753,0
AK752,0
AK743,0
AK742,0
AK732,0
AK654,0
AK653,0
AK652,0
AK643,0
AK642,0
AK632,0
AK543,0
AK542,0
AK532,0
AK432,0
AQJT9,0
AQJT8,0
AQJT7,0
AQJT6,0
AQJT5,0
AQJT4,0
AQJT3,0
AQJT2,0
AQJ98,0
AQJ97,0
AQJ96,0
AQJ95,0
AQJ94,0
AQJ93,0
AQJ92,0
AQJ87,0
AQJ86,0
AQJ85,0
AQJ84,0
AQJ83,0
AQJ82,0
AQJ76,0
AQJ75,0
AQJ74,0
AQJ73,0
AQJ72,0
AQJ65,0
AQJ64,0
AQJ63,0
AQJ62,0
AQJ54,0
AQJ53,0
AQJ52,0
AQJ43,0
AQJ42,0
AQJ32,0
AQT98,0
AQT97,0
AQT96,0
AQT95,0
AQT94,0
AQT93,0
AQT92,0
AQT87,0
AQT86,0
AQT85,0
AQT84,0
AQT83,0
AQT82,0
AQT76,0
AQT75,0
AQT74,0
AQT73,0
AQT72,0
AQT65,0
AQT64,0
AQT63,0
AQT62,0
AQT54,0
AQT53,0
AQT52,0
AQT43,0
AQT42,0
AQT32,0
AQ987,0
AQ986,0
AQ985,0
AQ984,0
AQ983,0
AQ982,0
AQ976,0
AQ975,0
AQ974,0
AQ973,0
AQ972,0
AQ965,0
AQ964,0
AQ963,0
AQ962,0
AQ954,0
AQ953,0
AQ952,0
AQ943,0
AQ942,0
AQ932,0
AQ876,0
AQ875,0
AQ874,0
AQ873,0
AQ872,0
AQ865,0
AQ864,0
AQ863,0
AQ862,0
AQ854,0
AQ853,0
AQ852,0
AQ843,0
AQ842,0
AQ832,0
AQ765,0
AQ764,0
AQ763,0
AQ762,0
AQ754,0
AQ753,0
AQ752,0
AQ743,0
AQ742,0
AQ732,0
AQ654,0
AQ653,0
AQ652,0
AQ643,0
AQ642,0
AQ632,0
AQ543,0
AQ542,0
AQ532,0
AQ432,0
AJT98,0
AJT97,0
AJT96,0
AJT95,0
AJT94,0
AJT93,0
AJT92,0
AJT87,0
AJT86,0
AJT85,0
AJT84,0
AJT83,0
AJT82,0
AJT76,0
AJT75,0
AJT74,0
AJT73,0
AJT72,0
AJT65,0
AJT64,0
AJT63,0
AJT62,0
AJT54,0
AJT53,0
AJT52,0
AJT43,0
AJT42,0
AJT32,0
AJ987,0
AJ986,0
AJ985,0
AJ984,0
AJ983,0
AJ982,0
AJ976,0
AJ975,0
AJ974,0
AJ973,0
AJ972,0
AJ965,0
AJ964,0
AJ963,0
AJ962,0
AJ954,0
AJ953,0
AJ952,0
AJ943,0
AJ942,0
AJ932,0
AJ876,0
AJ875,0
AJ874,0
AJ873,0
AJ872,0
AJ865,0
AJ864,0
AJ863,0
AJ862,0
AJ854,0
AJ853,0
AJ852,0
AJ843,0
AJ842,0
AJ832,0
AJ765,0
AJ764,0
AJ763,0
AJ762,0
AJ754,0
AJ753,0
AJ752,0
AJ743,0
AJ742,0
AJ732,0
AJ654,0
AJ653,0
AJ652,0
AJ643,0
AJ642,0
AJ632,0
AJ543,0
AJ542,0
AJ532,0
AJ432,0
AT987,0
AT986,0
AT985,0
AT984,0
AT983,0
AT982,0
AT976,0
AT975,0
AT974,0
AT973,0
AT972,0
AT965,0
AT964,0
AT963,0
AT962,0
AT954,0
AT953,0
AT952,0
AT943,0
AT942,0
AT932,0
AT876,0
AT875,0
AT874,0
AT873,0
AT872,0
AT865,0
AT864,0
AT863,0
AT862,0
AT854,0
AT853,0
AT852,0
AT843,0
AT842,0
AT832,0
AT765,0
AT764,0
AT763,0
AT762,0
AT754,0
AT753,0
AT752,0
AT743,0
AT742,0
AT732,0
AT654,0
AT653,0
AT652,0
AT643,0
AT642,0
AT632,0
AT543,0
AT542,0
AT532,0
AT432,0
A9876,0
A9875,0
A9874,0
A9873,0
A9872,0
A9865,0
A9864,0
A9863,0
A9862,0
A9854,0
A9853,0
A9852,0
A9843,0
A9842,0
A9832,0
A9765,0
A9764,0
A9763,0
A9762,0
A9754,0
A9753,0
A9752,0
A9743,0
A9742,0
A9732,0
A9654,0
A9653,0
A9652,0
A9643,0
A9642,0
A9632,0
A9543,0
A9542,0
A9532,0
A9432,0
A8765,0
A8764,0
A8763,0
A8762,0
A8754,0
A8753,0
A8752,0
A8743,0
A8742,0
A8732,0
A8654,0
A8653,0
A8652,0
A8643,0
A8642,0
A8632,0
A8543,0
A8542,0
A8532,0
A8432,0
A7654,0
A7653,0
A7652,0
A7643,0
A7642,0
A7632,0
A7543,0
A7542,0
A7532,0
A7432,0
A6543,0
A6542,0
A6532,0
A6432,0
KQJT8,0
KQJT7,0
KQJT6,0
KQJT5,0
KQJT4,0
KQJT3,0
KQJT2,0
KQJ98,0
KQJ97,0
KQJ96,0
KQJ95,0
KQJ94,0
KQJ93,0
KQJ92,0
KQJ87,0
KQJ86,0
KQJ85,0
KQJ84,0
KQJ83,0
KQJ82,0
KQJ76,0
KQJ75,0
KQJ74,0
KQJ73,0
KQJ72,0
KQJ65,0
KQJ64,0
KQJ63,0
KQJ62,0
KQJ54,0
KQJ53,0
KQJ52,0
KQJ43,0
KQJ42,0
KQJ32,0
KQT98,0
KQT97,0
KQT96,0
KQT95,0
KQT94,0
KQT93,0
KQT92,0
KQT87,0
KQT86,0
KQT85,0
KQT84,0
KQT83,0
KQT82,0
KQT76,0
KQT75,0
KQT74,0
KQT73,0
KQT72,0
KQT65,0
KQT64,0
KQT63,0
KQT62,0
KQT54,0
KQT53,0
KQT52,0
KQT43,0
KQT42,0
KQT32,0
KQ987,0
KQ986,0
KQ985,0
KQ984,0
KQ983,0
KQ982,0
KQ976,0
KQ975,0
KQ974,0
KQ973,0
KQ972,0
KQ965,0
KQ964,0
KQ963,0
KQ962,0
KQ954,0
KQ953,0
KQ952,0
KQ943,0
KQ942,0
KQ932,0
KQ876,0
KQ875,0
KQ874,0
KQ873,0
KQ872,0
KQ865,0
KQ864,0
KQ863,0
KQ862,0
KQ854,0
KQ853,0
KQ852,0
KQ843,0
KQ842,0
KQ832,0
KQ765,0
KQ764,0
KQ763,0
KQ762,0
KQ754,0
KQ753,0
KQ752,0
KQ743,0
KQ742,0
KQ732,0
KQ654,0
KQ653,0
KQ652,0
KQ643,0
KQ642,0
KQ632,0
KQ543,0
KQ542,0
KQ532,0
KQ432,0
KJT98,0
KJT97,0
KJT96,0
KJT95,0
KJT94,0
KJT93,0
KJT92,0
KJT87,0
KJT86,0
KJT85,0
KJT84,0
KJT83,0
KJT82,0
KJT76,0
KJT75,0
KJT74,0
KJT73,0
KJT72,0
KJT65,0
KJT64,0
KJT63,0
KJT62,0
KJT54,0
KJT53,0
KJT52,0
KJT43,0
KJT42,0
KJT32,0
KJ987,0
KJ986,0
KJ985,0
KJ984,0
KJ983,0
KJ982,0
KJ976,0
KJ975,0
KJ974,0
KJ973,0
KJ972,0
KJ965,0
KJ964,0
KJ963,0
KJ962,0
KJ954,0
KJ953,0
KJ952,0
KJ943,0
KJ942,0
KJ932,0
KJ876,0
KJ875,0
KJ874,0
KJ873,0
KJ872,0
KJ865,0
KJ864,0
KJ863,0
KJ862,0
KJ854,0
KJ853,0
KJ852,0
KJ843,0
KJ842,0
KJ832,0
KJ765,0
KJ764,0
KJ763,0
KJ762,0
KJ754,0
KJ753,0
KJ752,0
KJ743,0
KJ742,0
KJ732,0
KJ654,0
KJ653,0
KJ652,0
KJ643,0
KJ642,0
KJ632,0
KJ543,0
KJ542,0
KJ532,0
KJ432,0
KT987,0
KT986,0
KT985,0
KT984,0
KT983,0
KT982,0
KT976,0
KT975,0
KT974,0
KT973,0
KT972,0
KT965,0
KT964,0
KT963,0
KT962,0
KT954,0
KT953,0
KT952,0
KT943,0
KT942,0
KT932,0
KT876,0
KT875,0
KT874,0
KT873,0
KT872,0
KT865,0
KT864,0
KT863,0
KT862,0
KT854,0
KT853,0
KT852,0
KT843,0
KT842,0
KT832,0
KT765,0
KT764,0
KT763,0
KT762,0
KT754,0
KT753,0
KT752,0
KT743,0
KT742,0
KT732,0
KT654,0
KT653,0
KT652,0
KT643,0
KT642,0
KT632,0
KT543,0
KT542,0
KT532,0
KT432,0
K9876,0
K9875,0
K9874,0
K9873,0
K9872,0
K9865,0
K9864,0
K9863,0
K9862,0
K9854,0
K9853,0
K9852,0
K9843,0
K9842,0
K9832,0
K9765,0
K9764,0
K9763,0
K9762,0
K9754,0
K9753,0
K9752,0
K9743,0
K9742,0
K9732,0
K9654,0
K9653,0
K9652,0
K9643,0
K9642,0
K9632,0
K9543,0
K9542,0
K9532,0
K9432,0
K8765,0
K8764,0
K8763,0
K8762,0
K8754,0
K8753,0
K8752,0
K8743,0
K8742,0
K8732,0
K8654,0
K8653,0
K8652,0
K8643,0
K8642,0
K8632,0
K8543,0
K8542,0
K8532,0
K8432,0
K7654,0
K7653,0
K7652,0
K7643,0
K7642,0
K7632,0
K7543,0
K7542,0
K7532,0
K7432,0
K6543,0
K6542,0
K6532,0
K6432,0
K5432,0
QJT97,0
QJT96,0
QJT95,0
QJT94,0
QJT93,0
QJT92,0
QJT87,0
QJT86,0
QJT85,0
QJT84,0
QJT83,0
QJT82,0
QJT76,0
QJT75,0
QJT74,0
QJT73,0
QJT72,0
QJT65,0
QJT64,0
QJT63,0
QJT62,0
QJT54,0
QJT53,0
QJT52,0
QJT43,0
QJT42,0
QJT32,0
QJ987,0
QJ986,0
QJ985,0
QJ984,0
QJ983,0
QJ982,0
QJ976,0
QJ975,0
QJ974,0
QJ973,0
QJ972,0
QJ965,0
QJ964,0
QJ963,0
QJ962,0
QJ954,0
QJ953,0
QJ952,0
QJ943,0
QJ942,0
QJ932,0
QJ876,0
QJ875,0
QJ874,0
QJ873,0
QJ872,0
QJ865,0
QJ864,0
QJ863,0
QJ862,0
QJ854,0
QJ853,0
QJ852,0
QJ843,0
QJ842,0
QJ832,0
QJ765,0
QJ764,0
QJ763,0
QJ762,0
QJ754,0
QJ753,0
QJ752,0
QJ743,0
QJ742,0
QJ732,0
QJ654,0
QJ653,0
QJ652,0
QJ643,0
QJ642,0
QJ632,0
QJ543,0
QJ542,0
QJ532,0
QJ432,0
QT987,0
QT986,0
QT985,0
QT984,0
QT983,0
QT982,0
QT976,0
QT975,0
QT974,0
QT973,0
QT972,0
QT965,0
QT964,0
QT963,0
QT962,0
QT954,0
QT953,0
QT952,0
QT943,0
QT942,0
QT932,0
QT876,0
QT875,0
QT874,0
QT873,0
QT872,0
QT865,0
QT864,0
QT863,0
QT862,0
QT854,0
QT853,0
QT852,0
QT843,0
QT842,0
QT832,0
QT765,0
QT764,0
QT763,0
QT762,0
QT754,0
QT753,0
QT752,0
QT743,0
QT742,0
QT732,0
QT654,0
QT653,0
QT652,0
QT643,0
QT642,0
QT632,0
QT543,0
QT542,0
QT532,0
QT432,0
Q9876,0
Q9875,0
Q9874,0
Q9873,0
Q9872,0
Q9865,0
Q9864,0
Q9863,0
Q9862,0
Q9854,0
Q9853,0
Q9852,0
Q9843,0
Q9842,0
Q9832,0
Q9765,0
Q9764,0
Q9763,0
Q9762,0
Q9754,0
Q9753,0
Q9752,0
Q9743,0
Q9742,0
Q9732,0
Q9654,0
Q9653,0
Q9652,0
Q9643,0
Q9642,0
Q9632,0
Q9543,0
Q9542,0
Q9532,0
Q9432,0
Q8765,0
Q8764,0
Q8763,0
Q8762,0
Q8754,0
Q8753,0
Q8752,0
Q8743,0
Q8742,0
Q8732,0
Q8654,0
Q8653,0
Q8652,0
Q8643,0
Q8642,0
Q8632,0
Q8543,0
Q8542,0
Q8532,0
Q8432,0
Q7654,0
Q7653,0
Q7652,0
Q7643,0
Q7642,0
Q7632,0
Q7543,0
Q7542,0
Q7532,0
Q7432,0
Q6543,0
Q6542,0
Q6532,0
Q6432,0
Q5432,0
JT986,0
JT985,0
JT984,0
JT983,0
JT982,0
JT976,0
JT975,0
JT974,0
JT973,0
JT972,0
JT965,0
JT964,0
JT963,0
JT962,0
JT954,0
JT953,0
JT952,0
JT943,0
JT942,0
JT932,0
JT876,0
JT875,0
JT874,0
JT873,0
JT872,0
JT865,0
JT864,0
JT863,0
JT862,0
JT854,0
JT853,0
JT852,0
JT843,0
JT842,0
JT832,0
JT765,0
JT764,0
JT763,0
JT762,0
JT754,0
JT753,0
JT752,0
JT743,0
JT742,0
JT732,0
JT654,0
JT653,0
JT652,0
JT643,0
JT642,0
JT632,0
JT543,0
JT542,0
JT532,0
JT432,0
J9876,0
J9875,0
J9874,0
J9873,0
J9872,0
J9865,0
J9864,0
J9863,0
J9862,0
J9854,0
J9853,0
J9852,0
J9843,0
J9842,0
J9832,0
J9765,0
J9764,0
J9763,0
J9762,0
J9754,0
J9753,0
J9752,0
J9743,0
J9742,0
J9732,0
J9654,0
J9653,0
J9652,0
J9643,0
J9642,0
J9632,0
J9543,0
J9542,0
J9532,0
J9432,0
J8765,0
J8764,0
J8763,0
J8762,0
J8754,0
J8753,0
J8752,0
J8743,0
J8742,0
J8732,0
J8654,0
J8653,0
J8652,0
J8643,0
J8642,0
J8632,0
J8543,0
J8542,0
J8532,0
J8432,0
J7654,0
J7653,0
J7652,0
J7643,0
J7642,0
J7632,0
J7543,0
J7542,0
J7532,0
J7432,0
J6543,0
J6542,0
J6532,0
J6432,0
J5432,0
T9875,0
T9874,0
T9873,0
T9872,0
T9865,0
T9864,0
T9863,0
T9862,0
T9854,0
T9853,0
T9852,0
T9843,0
T9842,0
T9832,0
T9765,0
T9764,0
T9763,0
T9762,0
T9754,0
T9753,0
T9752,0
T9743,0
T9742,0
T9732,0
T9654,0
T9653,0
T9652,0
T9643,0
T9642,0
T9632,0
T9543,0
T9542,0
T9532,0
T9432,0
T8765,0
T8764,0
T8763,0
T8762,0
T8754,0
T8753,0
T8752,0
T8743,0
T8742,0
T8732,0
T8654,0
T8653,0
T8652,0
T8643,0
T8642,0
T8632,0
T8543,0
T8542,0
T8532,0
T8432,0
T7654,0
T7653,0
T7652,0
T7643,0
T7642,0
T7632,0
T7543,0
T7542,0
T7532,0
T7432,0
T6543,0
T6542,0
T6532,0
T6432,0
T5432,0
98764,0
98763,0
98762,0
98754,0
98753,0
98752,0
98743,0
98742,0
98732,0
98654,0
98653,0
98652,0
98643,0
98642,0
98632,0
98543,0
98542,0
98532,0
98432,0
97654,0
97653,0
97652,0
97643,0
97642,0
97632,0
97543,0
97542,0
97532,0
97432,0
96543,0
96542,0
96532,0
96432,0
95432,0
87653,0
87652,0
87643,0
87642,0
87632,0
87543,0
87542,0
87532,0
87432,0
86543,0
86542,0
86532,0
86432,0
85432,0
76542,0
76532,0
76432,0
75432,0
